1177104.630029,157.4808214481093,591.5269484393228,185.47576935011193,1532.7226866869578,797.9522115514684,785.2501735365244,70792.82762700885,4.342230950656173,128.19849832839145,1067.3109384573322,251.40828931213588,510.8448732827909,5.750869133163094,79.75232080555242,999.6155485918249,2336.1136020873773,29.329886747922327,3.8268663555574145,21.09843058457203,5279.453720560696,7461.191245890159,179.10060516294936,666.9597780316412,42141.41773462415,14546.912320503636,6.226182606565168,63.44833695720772,3.630599737680954,352.31458913713203,2.0324331142103755,618.9926447389935,138.07890071783643,389.38295833691114,13.971017316086575,10.253069698306875,158.71547963092587,38.164620949462545,28.380475364269785,291.87622212334827,634.0992030847844,10659.365510736903,5275.382239904098,73208.25064133634
552.6800882140712,277252.3739068124,1914.0227300043148,546.4172955031281,768.3864080688545,1284.2998956024294,6804.173308262295,3541.499622586983,77.87418456393237,4119.038727483994,42540.64720420733,631.0280491064323,1969.8761586985897,80.19115080121337,632.8138428536736,5207.557972096605,3256.9017116692457,370.39305498481633,1561.2414562595277,5065.129989013329,234.033523003603,585.2797647334608,408.2476336517301,9472.554099020388,1197.9935850911343,1026.1811782734944,99.86078211495516,335.79404302992356,95.96430152217417,580.0443187967251,190.96089506514622,2034.7821434751072,544.1886721680889,3320.4144241211493,285.84324850305313,1630.8106951722762,2016.541497178244,2115.2460590269,1821.8286750871507,1784.9190775761354,1496.9592367733844,304.4373424643161,5668.047212937657,19298.335962134377
1686.1422422797527,2450.174996868693,350729.3189583058,351.95578428321653,1713.4736290068918,970.5863638616612,6027.388036854879,6060.973628179932,121.1271063452329,2253.1530844983536,43828.48622473302,2381.357102448266,5752.87867230203,187.6652959536714,1599.4646381586015,30244.139115930808,16006.774194121761,833.6959768350227,258.5453582322033,1407.102365105659,352.8551928328976,1522.494916460954,1886.3927259080917,9937.870143525706,1476.459294126806,1128.2829177678109,433.24206358856736,5399.957171672159,136.4852752793584,682.9734206789558,108.6635896292014,26056.015455901164,1683.7329352390761,3426.2618839144407,1154.8235422096632,749.2949879745331,2141.2152364485164,615.2775380895268,270.43005940127017,4645.149324904571,3069.6995124556224,502.4753458089111,16621.84224507156,45820.538183257224
18.244477478361453,573.2123511851662,1398.9751817237398,47246.00200682,20.93142878206647,39.68001335100301,130.95188531480534,752.2606963207452,44.403505854139226,297.66268098343477,1835.6022542397302,126.4161281734836,405.5808449884042,16.674101451477142,128.76367240226793,736.3861440254655,516.6753717371973,967.781997704115,52.82700092977268,299.2380320821357,29.433911871530103,30.058256391671918,76.89164340939975,1550.4852714373571,30.004095873804754,80.6388033694955,17.616492271969758,32.36786358046066,14.733323844967773,27.913140401917893,19.01922831644294,373.04325892470774,44.733934512794804,293.7987133972934,115.78033816833866,1151.0256307116474,399.07837990066207,164.20527818967443,150.94628542126844,157.3778880981408,2286.2725387593932,18.30530734039784,431.4980773349831,6502.957066399877
697.0311709013216,250.52081796199806,1867.629396671546,185.05483153653103,1622539.9895274718,2858.989392553774,299.66468472422264,37040.62815336728,16.48257778584034,58.2031534526849,5529.167736918143,728.4316718544671,2814.8633833750496,28.614283801249165,506.6809547629594,3948.6583505856406,3047.4108198340687,142.72513693997152,51.655358771643854,162.91851420747318,3091.8167564403293,6341.8689046129,225.11315966267944,3431.7525236600113,6654.2345722296695,3843.648082128139,31.31215281399143,26.115806433851247,23.3231698650826,3149.7865463444605,6.247649325558081,6674.584570944898,1405.8163315781155,540.6858662832798,985.529222335399,317.0824701216455,959.2730953001064,56.8646138138389,313.46786007507706,545.9174950211072,1505.7975996508158,2301.0995587288608,22361.62726703673,75533.29809095961
1295.3990926993501,257.3390653473979,1884.177978061426,126.57130033378938,1449.5736970793364,1217555.4339609328,656.7817531524213,13499.799661708023,18.740719367417764,110.54411052561518,2707.974806999098,283.09484654032485,1050.6946528667606,23.659591341741894,446.439836352494,5410.362479802714,9943.313731940498,130.22057695472617,29.498017208595822,165.53558410579944,974.9166706861638,1542.7214914313815,967.1539130900381,2434.420004183329,10796.215611119722,3974.9324462696495,18.399334288534877,189.50037110861055,21.26319929314421,6171.471445659049,296.6352834469005,1534.3044048171769,2037.8424520000085,264.09963167471517,120.49994158888757,214.93241960592314,610.5930857189828,157.6124410871496,16.007245154602927,787.6095305308063,482.8688393222423,1763.94216760498,247584.73939908773,69283.5676611197
1446.0199337130211,4125.554921470648,6188.158988538932,122.03117703201954,1434.7496325486218,3450.671654985082,538628.4800882644,4638.951060954904,122.98096801255102,1017.6024524944094,28561.507805005993,1588.9427455000407,3971.8388228283347,110.87066360235849,872.339308004109,10780.032716612555,8731.286975817105,415.65704424027297,142.77688714518138,747.7500228727179,356.75888349867057,2293.231355976647,1685.1030511586123,11182.148411359114,4525.896118845305,1919.2319357989356,65.52542916140723,5154.887188219512,91.64820392005561,865.1964802909406,60.3866794428551,8585.491100353971,865.9855295507643,1374.800344918345,479.36676610940043,262.4651665823881,2707.176613219588,283.28612956876725,186.474577586117,910.2405393054532,926.0759740566791,834.6213411360882,17019.775192894656,63977.868797237315
23385.416327439056,2093.05672080105,7525.1083873245725,447.658729021363,20483.692269094583,25133.71720601713,3421.8822654196438,19971882.29856029,212.21296459936138,5724.010225859008,41830.95073548435,3830.6164045605597,9302.828041675873,670.3165996636052,4817.868742440511,21711.082084677688,22010.284788399636,1083.7966907129476,271.19875844056764,4238.436662070014,21627.077755954084,25199.293706267654,2032.3071127426406,14311.043049361862,67442.33302027095,74234.77516100353,398.7323837330959,351.67285183035347,274.91029751467613,21653.36649042987,222.43126564513992,23141.545931326036,2040.950095639672,6854.932321463987,905.6865198380847,1332.57658924808,17179.427173177894,1304.058294297306,589.7913671438756,7468.014139153428,11242.809338385478,32520.106791835162,130243.09722399902,551396.9879106018
4.0668823071840015,63.05468879855293,145.50635479531502,32.07749216840796,0.27740510671626684,11.035355691777964,35.84008203996639,7.247687009679257,12017.72466559524,79.79969528264931,183.93324600158854,522.5889964188401,16.788130540891842,111.9522049320267,6.325334677685821,52.1402092255442,201.63152105898382,265.5308680574449,7.18986319773449,102.70306973583575,0.5489958554414067,1.1814528225510759,34.07997833251867,216.11837848073233,1.1878799340318291,2.4364823231609005,11.937965024714158,59.82615730902803,12.97452305701314,0.05183121817528886,1075.4717835774234,128.7532419793795,10.183249951474654,156.32905827566543,4.609590144234868,57.76007168101105,339.4099290764595,19.909408486301416,9.029706330064961,96.3638329075068,0.1631347107322677,0.7552075323045044,75.93148762243084,2383.542188402705
197.65206244601742,5067.073165932714,3623.516718582013,386.3065589241087,326.0033680824535,313.1335321602462,1213.3260737220885,1922.5848862029943,45.82056162971142,189508.49521970673,30787.109245066633,928.0741549103719,2128.893027969848,120.118907027143,594.7094728827941,4620.25284787159,3660.0485388088937,107.57494738430037,260.1631382287315,3637.7975022670844,185.6799850441092,328.11613027447993,335.3638753459642,3411.4254091199855,447.6434473918839,406.621913879601,171.0953557969566,200.62523429247844,98.93210076735741,436.14429089947373,40.15187601846902,2069.546730747332,404.4761928727314,5982.4002254258085,286.24104295423,995.4609702683232,3161.2940797771716,7353.0452667798345,442.5946032741672,1424.5552357064707,1142.2798440022075,60.239413782793534,2619.2503184955735,7732.04893773191
5264.006808320067,49063.05328416523,28141.38269407979,2185.3313215183066,10896.817321336086,8238.843821484665,36738.117423243566,57308.12755095638,331.32241028023043,32148.52859999746,2619635.285024818,17404.650915985803,28260.54187385606,1278.5315245001661,9953.495460976676,79821.23883236508,55680.64012886371,2571.1116603351747,1593.1124900068207,21924.526819941668,2402.7608514998055,7228.406137765369,6277.716401509375,54466.33456824024,12429.358519816264,13655.857203899019,1215.603318991991,6970.584138037382,656.4430326148201,9399.913479269493,268.06387742843697,47968.3223025297,6589.514617219656,40316.43527207752,5407.146040155623,8190.171064075651,26887.362250934646,10858.052347464389,2761.090034778159,17333.20549534859,16371.874030814688,5991.110613368223,66902.92704530635,145182.38776164618
463.7950539098252,445.1217380935113,1400.7249838772466,122.85681024348796,692.9686387709977,675.651684764176,889.0787238380249,4231.10215493739,21.602306633859428,474.48885380913475,9152.70220090051,193857.9431652273,1184.45164643114,161.58679502954183,2655.66499994418,2783.560165041381,6258.915475518495,180.83138527909267,78.46999389582972,1543.4519215623302,213.55559798827244,654.9833362055122,502.3188377767998,1316.3166172442902,1942.8902568008511,871.8151059621088,225.3943083040885,266.6500425927349,199.55084180661953,328.98742885892204,55.27309882792403,2246.1529899715065,5571.690280861796,2036.9019353052227,191.66407276177472,165.94315681946583,1109.1183619692927,167.79213238640938,65.57730084854994,8852.779429651971,764.4374180104257,183.33154788205928,3668.7949853108075,29692.89018861399
942.4202550572131,1229.5454229114287,5336.032630952549,2583.436987863581,3354.4087548140633,1472.5370096739287,2576.075811530395,3079.771262317263,126.27394928204848,1421.69593387536,17233.565289052985,1348.8328362956154,1015020.9287567646,72.32063417436444,768.0325727947817,28591.274467550764,9842.899798237886,1302.2247010677575,124.75133039837002,867.3404070923398,417.91445390696157,989.7933522687136,891.1769099896335,12543.730272311914,2111.9854105461773,1974.784521775096,117.8225258936422,501.82969134974684,63.206048633395824,2810.017697148425,90.6439107394263,4756.092075747639,894.8352608315259,2556.479877848914,13495.402742188757,926.093834889793,1691.396891629556,476.0665630890972,434.1743904806129,1382.768274604461,5176.846458763242,2054.5450268692443,10395.558192030094,63120.18707413287
78.63201195470978,86.02538674329173,190.65941197846107,29.325045645412985,32.694372718659274,50.33288551429861,178.3596875112243,111.10575289931194,37.341410255269,39.952674174217236,587.0775488314162,325.90930973205184,193.8224135177191,17912.673727375888,1753.5278701405152,189.9489284113885,351.9607755194519,22.577317413582,3.8854172467145034,44.250211936512734,1.7673131020718236,51.01406893474289,40.974395036584525,123.44952241154593,100.52513428067564,79.5361220009917,307.5174892553475,52.303067170676584,689.7793455489618,55.933266022234804,19.27683268464184,217.91536946623967,785.9305549228263,193.6712962377249,22.75113195367214,13.990073003761454,991.8385943570232,24.981339988477337,9.881656393566557,1907.8006360589648,37.43839851622097,6.283420256173464,283.68862202448173,2239.3544530663294
516.896331750688,538.251623880094,1891.8466660530905,39.76188942014223,444.73810672788,812.9886990590027,671.7679792697372,3364.523458592792,37.9575687520198,300.12896588772145,7584.950668335672,1385.064190630209,1124.9272650580235,1432.01096215964,196606.12940046133,1880.3170666566664,3221.5129872532434,155.0242282060134,30.311193618530808,265.00814995483233,447.0484470762867,376.4558002357924,1122.6598441993629,1620.7167410306934,1410.554864165422,1387.1645510846593,291.4079724470988,90.26325662010215,550.67014041011,382.3650638655271,10.920738408003873,3353.440022234995,1752.0477840227725,1619.7405113182144,117.66668847638408,120.46292905937608,2812.238117045752,114.40471839744782,41.295578467459386,7093.129815418572,998.9581439456076,148.51380632614564,5170.485379891622,11727.623067758284
2040.132065047219,3333.9977144037275,25910.577872086054,596.2617232842221,5980.617592140937,4218.35332728037,9180.730864195324,16138.125546131212,223.18640931151364,3845.95603900767,55169.10567488587,3292.1177000914695,34143.35183457277,153.82610730748678,1782.0989794621655,1872121.1329895244,36440.03402628991,1179.0736865851713,240.0287326283016,2918.5532688627645,1599.7228590397326,2664.605636037003,4248.62977551842,29386.002092974944,5113.157598039792,4503.563150980366,191.12715673455682,5025.449413683016,133.68062764923084,2367.816537212111,303.5443942889921,17828.018340058836,3515.941478124511,6206.563254198039,3635.0825768406553,2407.868230116329,5984.954455968622,2392.4085413264365,499.0227157849491,5280.366767026657,6369.7690456083765,1237.192900917827,30019.074410647943,93614.63220714379
4405.91383417539,2138.453390029881,14568.500295898473,397.2379766235599,2729.850565234353,13091.473084551479,11338.765085555098,13392.546100825646,402.7105679823468,2095.53596629185,35691.640431962835,6139.1578256557605,7059.762537366527,204.6134623894107,2564.2561498158907,33668.76759696679,2034398.8597902805,1190.128522926261,294.09988323791777,1527.6090600665284,607.0393010771326,6103.483335623454,24099.80055965762,13700.877573385616,6761.890203151668,6994.784264799822,219.3596049085034,23547.117178444147,228.47835605038767,1599.763603574994,1727.9662439236954,16020.269596676106,7955.6725763802215,3797.7057779689135,1682.8493766522683,985.2553245020895,4105.431883138359,513.4586638084961,259.01433671075563,7358.805600548984,3661.4103995403684,1135.3349559006583,53069.06002436801,143983.52312776388
63.42985306248055,148.503084462137,413.7774309108939,935.5971554938081,39.19084676719464,70.84087027015231,232.05175786831214,342.62713409614304,428.34527846700337,74.06624872190002,1186.1426497430966,117.80586513782956,412.2334939229791,10.318270662198548,74.39636190338412,475.3150657355467,1122.6818444088583,119063.60095289037,53.68537095684742,48.061563306319606,91.66832063009117,182.61177443577856,39.81183037052752,1850.5186952444124,177.63461178393084,326.66792161703074,13.743728397856863,61.82254474005742,3.827283931989969,38.28970845875002,22.79697663489904,275.263188959485,29.07709525476048,205.14027756912532,58.41111861954102,448.33720053154474,97.27848115249125,27.347689153073084,50.89425832575114,157.40631147332104,5067.033813635074,99.82773362035665,647.2096439466895,22006.87634861227
19.79669744871244,875.0702879484907,468.8951957325816,62.365672426457415,12.480084226969641,29.02126818771931,172.24759763130277,69.83545318953445,7.631412200951168,125.67053948014734,1178.9317723128338,104.03791325075986,98.72306698800557,4.134799146043766,26.576048210438767,259.2602510762721,328.7611412970752,157.58141709462774,32195.006432909802,485.06644910664517,24.610114411962346,6.3917294786505545,47.70618704373349,1477.6474491249953,15.808159708779737,10.407293445723534,4.211559466816313,47.40450414193634,3.8977437906974868,12.030339755894508,23.472337761261148,172.99459592616302,127.90694413934469,128.72872420028676,18.285764824133974,94.86846584785395,68.72360521402267,107.12462567326332,955.2690299184942,212.6468298098965,95.24181993200142,5.445304921185003,200.8824746997658,6288.695011078647
164.6732961642348,4156.820954946644,1225.1349229222528,369.75702786940803,244.93919285601612,187.09597328435493,781.3120370367533,1223.6899581840469,26.66686600652209,2618.6403700539818,18437.527503771806,460.2795550637935,1775.2186174979336,176.60618659932948,291.6169876410762,2604.4178466901426,2762.9815910214134,182.68023318937003,615.7689820774323,76731.4889744402,29.2340365611131,103.64103658353736,520.3210734664955,3970.6090475000537,226.85462871355878,354.7801966210285,84.8197168504601,310.2561722004401,59.45743900395644,460.7058416194761,6.357597865930958,1752.2703404865206,227.01139832681554,2528.6152347675757,165.52330077083798,3466.9746022255713,844.161491134063,2708.0621825926078,503.4527355101755,900.8505161336026,828.0421209133901,58.01180668342405,2210.733170300858,7874.935487168776
4481.429470832191,60.61821352704446,394.7805574443634,51.13912263084564,2167.99865218435,775.6657834983348,79.67537262432171,17268.947736352355,6.679469981249639,81.70079748112124,2108.2848025484072,196.5518928137198,1816.1498092604043,61.974334347795306,76.56947102306692,844.784496052301,895.6198804544282,95.91963672666591,13.536037335950041,74.68519677112563,682735.6322044788,7535.991912956608,89.6197201634665,1850.85812008118,19819.428128241765,8999.311067589319,17.777588808707787,11.047709571518705,22.651384803486657,832.7018138890196,3.4262572758098933,2844.5476245177515,82.33350406925462,314.8216126227263,82.53960601447491,66.14794257686982,614.6748771624846,19.790826611845077,73.85126238468548,94.6297252682144,1757.3770407390798,6913.184837110058,7274.433353614811,64388.80669320511
1685.6234044069338,301.6029275408023,2086.4276035108846,177.20342950602105,5423.631845460912,1464.0216465841058,823.14732802596,10916.55731024617,70.92111147002865,385.9835927800327,5513.174727019551,833.5972713980987,1745.8668716003535,38.83382662027488,861.8183856770077,4250.497490632527,5003.311717901057,221.61660706619182,112.79550290405827,234.81299894521806,3576.063541493384,1574468.340024957,232.67665361283963,3542.6360400079657,3830.5380453222433,4535.031790020177,30.610784406541757,10.945980619649902,31.50159597882319,2168.350694370241,44.30105890338865,2729.8622516000105,280.9238080235193,796.9710744504398,434.0621533127363,180.87597883436948,1192.4704126075117,63.045120678710404,101.03535547299424,974.538821835492,5870.03699434883,2501.9768504186727,21494.539197302634,117065.55787614727
731.0846282953155,733.7735102935866,5105.074458620155,79.45852716627054,832.8654487440369,1420.2904962104362,8661.639234528808,2707.332882396816,14.486466564203283,542.1892593567417,8094.9304294268895,1423.4358611908117,2662.2362295957564,29.84718667485669,871.7536125085601,4275.9181561170135,16698.444421394146,298.1106505452838,52.152801835855314,512.8829746260477,94.84359204607618,277.777786914319,108250.66130096317,4582.649234616434,1431.1186600564386,1200.5354040237883,30.502653106958448,3151.2075837529856,45.80869506533522,1097.2871347783398,114.28201062460892,4204.697113940373,1162.1316508147065,1142.1430669883423,456.8934557041696,241.41223698728044,564.4023719314085,88.09575024906765,41.54319940175603,1503.8461237320873,294.53393250937876,338.6664078106121,19217.37132124493,55276.18117624996
2518.4885213969674,6984.877151301558,6036.238552323886,1292.4225791715098,4133.446486555434,2936.050632617379,13121.570104845065,7096.6782261723065,238.68513834227485,3923.976613742591,45589.357888619095,2802.918471819685,16347.417298316252,288.49285854046605,1598.8021520265295,41051.97137825012,17438.61192934598,2413.867452400783,1683.838519006057,3580.4299921836187,1000.6575224314956,2270.699014255175,2748.9520887947797,1732280.4463413367,3594.9775443884564,4000.877213920803,380.9177793056518,2353.2415827955488,193.01004853884086,3104.58432999524,707.3198138503894,5553.9317894843125,1508.6036562270117,8208.82759550487,2169.2376460217865,4974.99633426646,5605.1234593632635,1945.6180928896315,2217.659009434051,3051.282247460338,8640.312232869228,804.5713864248929,21070.692184456282,57338.57799889294
6666.96207929103,660.8939832186256,2551.3091284330376,51.23415857798513,3789.31324418864,6838.767260543767,1390.0954061490256,84170.28256290867,4.38977053366627,1045.3160274267914,12394.542576754015,385.30860512471634,1188.7416354123372,41.98275513317875,324.6188273241672,4325.2647474816595,6125.919637106012,72.63006242208138,12.023451042112974,977.3654829005768,13478.933990555695,6277.033426492175,1828.2721632474943,2055.7736845331874,3565446.469880503,48144.211018886606,17.622244846605543,238.94297944572605,15.743136753005247,11269.734845583356,17.866249460016355,5106.755486115811,741.6607446050764,908.2447327864888,216.8998073605535,172.42578311307238,3953.9130110632564,280.2267005154628,52.69515046732224,607.2414460886009,1575.7095869589452,35624.501841086334,61228.26588236171,164296.6846125298
6745.923713936536,467.743237785856,1089.1381014638234,83.02322065050711,8207.595048887732,3432.5467219300963,332.20621546001246,116013.83728381652,25.015688705322646,1706.6141926105029,6214.407760637068,403.1069888649786,1448.4514425819993,73.24178772953505,364.28794197135994,2274.2417673717287,4371.832530351259,204.83901834995726,87.50425121377228,1334.1591732749796,10664.998788292029,9812.47053900955,397.8549159570823,2566.2522941774523,30634.879574768394,1593119.7174224851,134.79943345126196,105.57757685222384,34.665719041239164,10041.471453395829,88.37328615937264,3159.0608897771435,519.5636299397363,2779.072780420674,261.1174804752841,431.8986538315053,8508.242113404405,3187.622835701777,600.747268425163,547.4462568738319,6020.223181253633,19150.09717992581,44626.94159618528,126331.22495546855
34.4857899565364,194.16609153183504,388.88784291722357,17.69764981987106,14.031310865548452,168.48993747368837,111.47692988922128,107.52670597596065,7.011442586009183,160.98077652581088,1564.7638223534077,725.259083387978,180.6977606777916,580.5362599865462,278.64259098557,734.847825061642,819.1669142891236,17.35319790591228,4.525742593598638,139.12214803509386,6.242500805040843,62.072802856541756,61.60613674580819,318.36423450315425,18.670980699562346,27.867720417143666,22061.399381228282,15.627512747611945,1255.2175246059842,15.719450231501856,1.1741464122963017,858.7559932283988,677.742956879886,1283.2866902935925,56.05210481225252,38.94236289760667,1235.8012614282532,56.86009640108186,82.07287104133887,651.1904465514594,84.92123178040812,6.851307155860552,1105.3164522134336,6909.76453341262
45.23329551967953,1357.5925400227507,4790.434492637231,120.82197547220562,24.49247700508883,163.54771338496417,3960.788357293148,403.6357287330346,380.96274070847574,451.2332830493137,8172.2311212691575,563.530445183728,789.7732212964306,59.880212871297786,298.457048982423,3825.027999402835,2302.896398650604,550.8603092577944,30.41872867729213,377.382762097848,4.8276163936714,11.03485061355679,2903.1189492025005,3431.4874140064585,437.1888195671846,30.35112697643005,26.09022136528946,62054.212070825546,74.76185305987502,36.33344792061805,2197.7629928469255,3122.3796722369616,391.5427678671478,462.7566414412509,415.7604480863149,120.93381871567944,606.8505789245987,116.34284546946954,83.84911723236254,1148.2024279575398,92.5752988196639,194.92639788366589,222.64562576504989,36930.406592538624
4.213678742906924,107.64920562922138,172.03120324826818,9.74923052104528,2.023776554851968,29.981563285609624,386.2018494050668,71.40449708475909,56.915955040990205,53.74875035376136,655.5350740370519,426.7753153926061,210.50120616907316,703.2211538951761,259.41944418637047,255.71094996345596,538.1094971232642,25.658050364434573,2.3797401653476085,31.51372144044175,0.6298794653653541,14.006243401117366,68.04843345815866,129.53204479312268,33.64791124722975,51.90824860488028,508.498986974569,16.07800389883194,26720.94481660561,3.6081140126355047,10.024551663426374,218.91446314560625,388.1177996225656,288.2234339017963,10.443220733162324,10.071727896515648,658.3726692207315,20.527746920035803,37.27210202148766,642.2943651627829,56.67568769484413,3.0579499705094,93.34155927853381,2844.5843812689372
753.1316448222029,87.67669013967333,829.9853965189076,9.967722040954557,2957.534375602415,9304.511045572384,659.7296270131473,4363.371277840899,1.8369177441194329,183.519749481225,1679.1772800923281,121.48062819716043,6027.27825204971,5.855592845374998,60.59953788622142,1354.8167192691453,1536.6886787708945,4.218817412668476,1.5292563836181305,153.0820893691502,107.0730100684485,2431.489442474187,310.55532627976635,1085.8525021929322,1903.1125856199865,2389.8039058147624,54.98329678879531,23.009970130377926,6.667633520188554,647562.6063227857,3.029388545041914,547.5925891420234,98.47064852037394,154.12624669374554,38.653818379114874,71.89523429302827,175.42643302261428,38.053250279343196,7.204272274058045,71.69621655651412,490.8722110584816,491.65629583837875,132085.76504137783,18299.20778214339
4.716211848085866,387.7653388715048,200.4946127692321,42.24131251764294,9.75690203072234,55.520209644111304,124.35953566321179,25.740169028743924,92.60035367989795,142.6730076646329,132.77440337629008,199.9175576898353,11.69557081806813,46.013320937586016,15.616454088199585,293.9219083530546,1432.6915762419635,71.2260015380408,33.25521188626813,51.494971259411884,1.0056517996209582,1.7194522704606574,47.3708719939782,539.5820839492219,27.665506615705723,22.951551313474468,18.19244403048989,218.55953786211154,11.134981067906946,11.97205017572452,7864.02962977143,284.84371705410103,365.3868075390495,113.27917321209048,5.057206431691795,321.7343981267426,24.67464110663071,48.13992857752656,13.777357003681283,461.379185382185,88.7221278871815,1.4589299634353505,49.12384036509519,1333.0884316810088
1808.2844175960358,2840.872380902896,38241.46348109437,278.793804652644,3312.3103046081333,1938.4248741047397,5222.589769535518,9234.373862123923,135.55337310636742,3035.2421915998757,117993.10336971818,3888.1271274189457,7084.525791868584,493.5121987414208,3089.5845671691477,32474.285064124582,30265.547437892732,795.512721309909,233.6303003725733,2198.763217675772,751.3295186431603,1508.8668915172861,11285.779105896781,22603.206831047864,1708.432881485276,1986.2183165111853,274.6080785396822,1135.8495864119848,266.9525497075831,1211.1454155689357,1025.1037757565566,532244.4636116233,3299.9151950246855,4547.323426188591,1333.9838418747993,852.4377217889453,3241.42953284488,791.630611086671,329.12018131227364,4606.7689493800335,2578.3361711436546,1326.1091686198229,18658.20674876241,65878.53240713244
304.0969939680915,307.1360730895037,4231.050817930783,31.56318479276178,2994.5296008867326,1957.5534756551701,259.1069178601061,2624.4396968150572,11.883572566744888,138.62811221852405,18641.241887769484,5830.302437721137,4344.40996711362,171.03546717401454,2878.8208282905402,11255.954384316783,24310.87235109327,213.754683887125,23.14698710859831,105.37799780069666,167.92771152283976,356.25113417075005,1162.7531184168743,1440.6419178121848,1425.9855189634231,1668.1330531760764,549.8363718063665,522.8847205362239,114.46964535187402,192.08335697294132,64.34915148925043,3447.6206094159743,279851.33611631615,2603.461097650712,161.3009785114949,82.04802842550463,2199.9087097365214,24.391914437246285,13.969249499964775,9962.304873964644,923.1872800628399,264.5193214682433,5115.9644041148385,45662.856061160084
361.3946264212536,3222.817444668982,4934.597436842118,451.4210563901968,465.94355286168116,1357.8489962535853,2120.3110799569586,2211.894719514272,95.34736138273487,9791.931136444755,39809.580664449524,3440.1505405307043,3236.0225318658736,960.4959089064298,1581.207011520614,7778.907698328105,7499.993151240992,337.2307979570424,255.48735387765333,3668.739160625749,116.06301722857641,367.6734288714952,1026.3051917262533,6474.03082313208,614.5875950635007,957.1279592545756,1372.434239427043,471.59512125484406,662.0525190176529,504.3253337572288,131.08158092865727,4801.128562233337,2297.1189595295855,442553.30790917587,326.1583203200139,1957.6560562309528,4330.016714282586,3753.9393899494808,464.85806018542445,4468.61623428827,1990.2892375514045,189.58289993210775,3398.9720960046284,17727.476120783453
124.06980613132416,244.37057021218482,1548.0241926272736,72.41413046415373,1131.920879616572,267.82491094252777,456.44729523932676,375.4238087110628,13.144378671065391,231.83903422101065,3316.1903977803877,206.50831091116933,7971.7230111418085,19.684762292521025,185.26640822107265,4227.151716296841,2044.597314607916,149.99201965053908,9.927141438096347,212.31409373430856,46.593227213918695,59.69393489861501,240.80858637098464,1441.1564185281718,81.32135690598238,107.30128785757081,18.238685170718284,73.0177263399726,9.687518222814656,252.8180994627692,13.829467629350447,1053.4665314326362,239.60990809812367,297.1907718930172,147718.14066603564,183.41185782927732,102.08326529984916,88.351743976394,20.263335068771738,419.6238183114687,495.5679358771255,57.75816243309423,1999.35511394569,18968.159995827347
43.233198786281434,2167.716699434304,1820.6315063504894,1097.7758383905816,151.27199967600978,284.23424087587455,595.1038465530632,564.2792611807928,57.45888248741876,706.3790356838814,8638.009055098504,344.7645539821086,1175.942339380119,81.85497761178449,119.39572812804306,3167.6623064227033,1148.3239142513924,488.1895491766668,120.51572382149274,2104.9659106845625,20.142088501161773,169.14962302228204,186.74065060378268,4097.152818681994,204.35658860797477,239.825168723623,32.22316336771387,685.4861925819129,7.459841446420228,137.80023454768153,27.204959925108952,1046.9174161062292,162.97560484245142,844.7487850524665,129.17757466215508,159398.24996604142,800.573095952431,430.8608332734936,179.83397872020566,514.756841968948,1793.718854507789,33.646651457808716,1377.0050877285255,14250.120583010083
1042.4139116057775,5150.312762698205,4914.913533929412,668.6425535197263,1831.6204194522318,3436.5701708068527,7693.366492435534,29626.02957131576,584.7940992647636,5164.3081015536845,26424.590765422803,907.5522741199865,4156.702827461169,680.4384842304005,6177.948500517343,6255.806612956941,8196.221582291064,1158.4330949554555,787.3468820618376,1126.4145332629473,1149.656872845244,2933.5475548163295,1664.7032582272186,12569.810942245942,20769.368111101357,6979.917481035723,3673.159666413623,637.6042807750484,1168.60856786573,467.8073645794367,41.01998357057907,3058.59444056498,1155.7552909561468,19675.679723654397,315.21157534132226,3390.143036520254,1500188.7549182593,2080.2961596495816,175.80350344273464,5191.932997967533,8618.234704645802,62.51693498960643,12685.054574988731,225288.47140469594
196.12825366453342,3031.696047948676,893.8525925212996,118.68945283351323,76.82646462886152,79.06564600999971,422.9642980955008,337.3561259582756,16.725489217691774,5933.623808770656,10099.666415119753,299.5359909931929,669.9124567686866,25.2561577958723,126.5089860186381,1563.3850802642905,2071.5006294042014,64.08837602054622,134.02390856507438,3042.114058871646,5.032231539832197,18.440175881170976,295.3641777023729,2079.6597040198044,39.491784857545674,186.00921714540556,98.14347126548836,132.51597065856743,45.036864681786625,72.05070052057485,15.22716815776857,631.8018140730585,111.06095654349802,2798.6888789048735,70.87831244907971,682.6980669672746,2516.11610223784,78473.9528784517,272.8256572259496,366.51993631801633,506.3885871101544,14.654462912311782,492.73227838174967,5312.031911673993
49.60915978236166,1995.668831895193,463.86688576157457,74.8113338491831,39.89804257189495,42.52190115704221,397.4904732106388,137.85760432116172,13.888470417963875,409.10413672761354,3681.3597259599783,155.55028061560063,209.53118078021,9.974187641072985,46.93529756513777,736.4311750602158,360.9431076709179,44.777448582500284,1035.1933580927166,626.6071696372002,7.481293581507023,64.9206299585207,56.28134576350361,2270.411716974025,27.701605908150327,77.1579347899989,19.58062282044292,69.55476508535499,9.33753257494592,54.58540706494574,2.2857146464773495,227.187131377482,48.46243562775385,422.3076234960961,31.356257048298325,161.1544628000915,363.196075536641,291.4749365254545,31898.23551866305,175.2511645172306,221.8696621253858,11.931427389649865,267.1261122410599,3807.597062469395
1121.8674315650437,1581.6537194828063,4809.522995614961,114.64033055784056,1497.9606878987179,919.805068998846,2061.149834809409,4012.768456910758,93.97345343625254,975.0746915085023,14578.146114098825,12170.431409250146,2268.9770775884117,1065.5611734291253,8462.135043326629,6068.249010936574,8050.236795452239,291.86119184787526,81.62287352979958,645.1218079666111,472.92243324403665,1002.7918244408409,1533.3405910087845,3408.474887896235,1495.7613879519004,1148.4067811767252,421.8064399455667,499.2710074051569,313.30391005584926,633.4893265575956,445.682602286398,6124.055609699364,14203.39736322537,3066.960493434461,438.35407409650475,252.31203019111257,1957.1426165288149,284.1197972700571,107.86916723943077,361370.02332171344,1283.2428875109692,411.4930698269181,7344.074133310756,33716.6672326376
512.3557989760069,956.0257600446097,2239.7993760880963,1721.419299990362,1358.032146174527,1503.604257685138,730.610588896957,2805.552260391338,2.8183900651340523,781.2842845506223,12404.044476456886,729.659298813074,3608.445228313836,80.7373820583821,320.47559151277716,4989.678571663653,4739.963793582244,1131.1752028730584,166.6337984044522,778.9120453628233,1027.9992547908282,1084.4256553212222,321.04427850806104,6194.0110570515935,320.1018376933778,551.2797143197582,111.79008070779989,90.14519694226519,71.89957995357629,643.2197373451132,327.54210714856663,1802.3096848870896,310.6693839247746,1749.7904004201466,525.2435985274333,2274.9313234921824,7096.773532677054,352.6437731233877,201.73095526449376,927.8147170173747,585301.8789303077,211.7998750723427,6638.119567143576,59637.766457760416
3630.052444343091,388.5007037787706,711.4325205231416,62.15558139705981,3861.658550778784,4045.4322524371005,389.6749617671176,94257.99675982169,9.819439657571671,550.2018960391905,5637.904198673949,360.07910310602995,798.6112964832059,97.30520853945373,371.4404864829993,2031.0252060294422,3044.155615082731,89.86414408004482,30.752851361593066,495.60185791838234,3282.0699696716188,2852.9346008995226,352.71980160267714,1751.2746273660673,18774.490610142617,11231.698187957802,33.01830542244553,15.649974679841248,27.301814187445295,4828.057680455187,31.076367814771878,1340.9694192749434,426.55708931066374,928.6911262611628,130.2394054828916,120.4031079496274,611.2323438536669,276.3741755306077,60.94382859309619,480.0594512268897,1698.8723043757682,456639.4909570406,24468.73748446055,91647.06692886795
14448.565780679062,3238.5437731693846,23095.962201504128,372.1264004312468,29223.410536449934,187740.14688648126,8971.138327358152,66451.92739051483,83.76138457109974,2004.9771606659779,50735.41513133861,5648.600588453633,6888.883763503689,153.3428406263297,4456.927135911454,41355.93795617465,39714.91719399998,1762.1047545421764,383.2308485797473,2703.4059789405414,4634.853503920609,11713.053888761964,54490.124067187266,14073.652257169246,41337.005475855636,30202.232589965402,158.83737770713674,20656.645019218744,141.3280458727259,136158.62629682323,306.4843854887593,36538.21824079682,4444.512474669316,2990.8610899873497,1112.0383376777163,881.5644432898858,3354.2172424996998,616.5419120833416,204.1941971307126,8747.939823231816,5895.227170637889,11846.51226896487,12164099.333309691,380849.6640721053
71701.65751256786,13522.232271980589,41665.73179357191,6277.577670013959,91592.42596973827,42728.68467206386,20270.151683418728,681196.072293016,1212.5662751280565,9600.10143029043,77622.22484257787,20171.12823108343,71614.37956025274,1174.9843016358323,6309.281162466335,79505.59507782254,68280.15646684082,17767.426375329378,3047.794384944047,10424.671245223843,72919.27853849278,188074.01235158468,37777.85915010837,69578.05738696305,300550.1531378739,188076.53270011395,5563.673098126487,9003.878638743212,1226.779698293169,31449.906110543274,1079.482377252451,54933.109177636885,9275.319811760275,12292.10875889648,13181.341455390972,11003.224737578505,32558.68935385999,8997.453905069082,2366.342197249217,9397.377755872618,45434.378256378055,90250.41765417552,378694.5454380652,11867083.998237442
