0.8292079133218392,0.0013326397056905533,0.002788455350158547,0.0002621089898703351,0.0003823326013716599,0.0008049499855120947,0.0019443282261978742,0.0011039165104679235,0.00021905036274531232,0.0006834822814625232,0.0014686825198134143,0.0016072197759991625,0.0007679636935449558,0.002579988127639989,0.0019500786471379299,0.0008818625388811748,0.0017501715744630227,0.000403261357560081,0.00042272188456011437,0.0011338559290725205,0.005347778742083832,0.0009425798498323151,0.002805858348656429,0.0012244673915933991,0.0016434962281565964,0.0033254018992922344,0.0007993703822062204,0.0003145886210102092,0.00011440400038407652,0.0008981412198392113,0.00030927350001265773,0.0019074523889595603,0.0006933149079488529,0.0006078581972297646,0.000630447912243373,0.0002042695062356205,0.0005345915017076846,0.0015760838393026404,0.0009704743025218373,0.002187704588877175,0.0007122619836343782,0.004886500840157962,0.0010762523206078525,0.004852426943183024
0.00011093690400145541,0.6685196913084208,0.004051973438258513,0.008235045949029678,0.00013741462366067793,0.00015990830786474878,0.0055472491737702965,9.880345250587035e-05,0.003396250840531365,0.01752197616827349,0.013688821339143351,0.0015425098956102852,0.0010019375531174588,0.0028225715068967844,0.0020306450907880535,0.0014411457666982238,0.0008494628985963502,0.0009441225629684408,0.018685508641149973,0.02862173889540939,7.233691744853653e-05,0.0001686526429374171,0.0028161781142641298,0.00339598701101503,0.00016291929603216,0.00023057394617445536,0.00450071240922444,0.009441787518525917,0.002922742931668014,0.00010455814727065529,0.025428362295696675,0.0029966684206051753,0.0007002437461258337,0.005420711484607493,0.0012417438263820897,0.010242092472525097,0.0026412861565074173,0.024362666049239652,0.03904007498201289,0.003084313710132491,0.0013290389327413965,0.0005229701345982801,0.00024123434146830922,0.0009151203261519651
0.0004166994284755483,0.004615152132294674,0.5800181155443052,0.020098354264745433,0.0010244242086107573,0.0011708121803469238,0.008320640614352818,0.00035522529406847457,0.007837261418497155,0.012530147386701006,0.007851577391740656,0.004854025233441427,0.004348250481834084,0.006255709438168434,0.007137310831040354,0.011200043554840819,0.005787079834077083,0.002630629592543538,0.010012390264324222,0.008435651247812362,0.0004710994754307551,0.0011667046221959761,0.019592965350170043,0.00293476710828913,0.000628932170240735,0.0005368904341027373,0.009014304849037468,0.03331652411712594,0.00467075423716581,0.0009897925569894296,0.013147770418750274,0.04033866031500505,0.009646430798551079,0.008299889601892168,0.007866125133709692,0.008602174007009585,0.0025205640270276916,0.007182986639962849,0.00907435026913109,0.009378840344031428,0.003113703308802127,0.0009576764144742637,0.001720384105478448,0.002819738435295276
0.00013065786315935227,0.0013175386618623206,0.0005820463808420224,0.6787589217672456,0.00010150549658527767,7.865033019100391e-05,0.0001640839496384107,2.1131882156912034e-05,0.001727757472360945,0.0013358509138223593,0.0006097176597191694,0.0004257438568499734,0.0021052028546647964,0.000962181530484603,0.00015000843837575896,0.0002577386465032196,0.0001577957811137905,0.005948148400756023,0.0013317036666479684,0.0025459574085881335,6.102533012603003e-05,9.908997557632007e-05,0.00030495699566448185,0.0006283647080022215,1.2629912301023575e-05,4.092628190653624e-05,0.000410226273444572,0.0008402929349906402,0.00026469767638352486,1.1886928526279862e-05,0.0027700448979538863,0.0002940831118916436,7.19613379718658e-05,0.0007592807680794102,0.0003679649287089421,0.005186804001571911,0.00034290661589611707,0.0009537867441910575,0.0014634893506869635,0.00022355509231773542,0.0023930665520486383,8.36691219683473e-05,2.7719145837930586e-05,0.00042483658091949344
0.0010797220130698351,0.0018527576052439175,0.0028336545923313187,0.00030071103220781465,0.8899887995301817,0.0009007527742136042,0.0019291741026890615,0.000966939641979594,1.4941590305246824e-05,0.0011273220376454092,0.0030402629981692185,0.0024013902067108123,0.002733455826297106,0.0010727322289980567,0.0016778495652333175,0.0025851672566897066,0.0010843849974426871,0.00024915955671062957,0.0002664891322181966,0.001686525760710135,0.002587115825537,0.003032828137693648,0.003196486948597101,0.0020096460216844753,0.000934116911129953,0.004045932524823327,0.0003252416239727706,0.00017034033177624515,5.4946793024577726e-05,0.003526984359350669,0.0006398252108939544,0.003493960431235429,0.006827269114033887,0.0007837073031716678,0.005751739102611379,0.0007147344528875943,0.0009393281303058165,0.0006173763701552846,0.0007805015284841222,0.0029211075913862434,0.0018878964036451102,0.0051982713864616075,0.002176808680069007,0.006198539489678493
0.000562115101233472,0.003096744520730962,0.0016051058275141337,0.0005700622684211224,0.001568200817096333,0.7565785976310626,0.004639796548931912,0.00118644564649461,0.000594386186941638,0.001082818050642688,0.0022986759600998503,0.002341380616903408,0.0011999476398798132,0.0016514679432538051,0.003067137073752885,0.0018234151792556716,0.005200356821031208,0.00045037760828074697,0.0006196955432803817,0.0012882469930187391,0.0009256173760967177,0.0008186628758124217,0.005450988561477008,0.001427482487675983,0.001685848526551049,0.0016920732982695958,0.0039055467740769048,0.0011374419889606429,0.0008140181031636524,0.011096021469726765,0.0036408308428807867,0.0020447298671329465,0.004463053021567291,0.0022838735903362873,0.0013609246376331213,0.0013429584131858126,0.0017624104857785618,0.0006353703996851435,0.0008318305036473355,0.0017936716172552473,0.002090266477553941,0.005445653583088469,0.01398448619917888,0.002891674027384262
0.0005531671877102306,0.016406437844162094,0.00996778444748856,0.0018813181370740042,0.00016437081042111704,0.00040811859886592534,0.7242435134213819,0.00016153111309982816,0.0019304180398356414,0.004195690461120448,0.01025010658897494,0.0030809834976170286,0.002099204345894072,0.005852144244936553,0.002534358074796236,0.003968440459023257,0.004504124476589194,0.0014752912451176856,0.0036780290889575767,0.005379714296641728,9.507820367612134e-05,0.0004602938490365619,0.033242844697639586,0.006379594182536704,0.0003426772988375364,0.00016376099503840366,0.0025840021691552633,0.027546499389858543,0.010485620576092477,0.0007867553780847155,0.00815508507534927,0.005509001369209233,0.0005907414162862133,0.0035663188559051998,0.002319389812120574,0.0028117643918794664,0.003945465712408954,0.0033989350456897064,0.007775868235634242,0.004019358103377246,0.001015673382348888,0.0005245508314985582,0.0006682468412348868,0.001371787397715141
0.049869800336524404,0.008539375880173719,0.010023326571676115,0.010807341096265462,0.020317369307895905,0.008388660763583,0.006237565110603272,0.9427794787058714,0.00039037482489480353,0.006648312636182489,0.015989235622624134,0.014662319057439146,0.0025096579802809846,0.0036454812266260173,0.012693232571751032,0.006975827011750352,0.005319952767468846,0.0021782847754105647,0.0014912070287415374,0.008425701961110275,0.02060737811532992,0.006104404413984754,0.010390578979040823,0.003450343729086705,0.020749111854814366,0.057189000529425965,0.002492437150539681,0.0028072066347085358,0.001938676536663064,0.005203504100556777,0.001687954744795448,0.00974079537071415,0.005983496065092873,0.003720360620688272,0.0019076773293078323,0.0026661234721539195,0.015193411620695586,0.002710988999688083,0.0026968258077307403,0.00782512418159656,0.0039001963521639108,0.12688295483891435,0.004949905904054707,0.046100108274424505
3.058871891164343e-06,0.00018777269637760847,0.0002003137809304404,0.000637922246879016,9.040954128381754e-06,1.1645323721706765e-05,0.00016536104504310102,1.0017584980161627e-05,0.6472985320282643,0.0001584478381505517,9.244050209659904e-05,7.48599066256693e-05,0.0001028986887418535,0.0012252057747602588,0.0001432013341435078,9.647401603614768e-05,0.00015996967152456232,0.002723246076715719,0.00016295470271234265,0.00018361437364514553,7.970744113368972e-06,3.9658212163279985e-05,5.5598177801220285e-05,0.00011604665507705451,1.0821377456103196e-06,1.2331479314081944e-05,0.00016252315944796314,0.002649520488809133,0.0015453036027795145,2.190601808847379e-06,0.0060724234634658035,0.00014298724406805612,2.709352010589345e-05,0.00016037226611434645,6.679180333479462e-05,0.0002714834405979679,0.00029990577853490153,0.0001344057919646968,0.00027169183475590444,0.00018325351956097476,3.918043091265588e-06,1.3218183723868356e-05,6.2392617987400004e-06,8.206071474421817e-05
9.0309057137308e-05,0.009931956432988255,0.003726148729125586,0.004276366079938339,3.192534853043074e-05,6.869117067283089e-05,0.0013682751705591132,0.0002702038443933473,0.004298170165325822,0.6553217662713273,0.008969589841318272,0.0016442777103903511,0.0011585180333485978,0.001310883728834504,0.0011322871760048136,0.0016624436305333946,0.000832414708844463,0.00047088326027738033,0.0026834620986840034,0.01803061564233895,9.749518336159418e-05,0.00021583727181834336,0.002080889408747684,0.0019078035766618264,0.0002576845237569222,0.0008412751638061942,0.003731486650631331,0.0031382382078845874,0.001459312024312807,0.0002188550339065432,0.009356021709602048,0.0032016976494963108,0.00031606013465557066,0.01646982321496761,0.0011780661198619714,0.0033375207221568396,0.0026484635254319486,0.047682516000477425,0.008003059384422185,0.0019014504896851258,0.0010861184657391797,0.0007406399958330467,0.0001493477868106495,0.0006496891767037039
0.0007518640684660074,0.10257535376983236,0.07248129715169671,0.02637115002241742,0.0030328357934733493,0.0016827125277035753,0.03840399742308475,0.0019746442192388565,0.009907010140519376,0.10646204955337198,0.7308904968210383,0.03171746627547795,0.01404336587770581,0.0192625505609782,0.028615506493960097,0.023847263827566297,0.014177874756751275,0.00754101534373958,0.025173909024522153,0.1269513659138729,0.002515858103470968,0.0030828994143693484,0.03106785076327113,0.02216515249683623,0.003055422204649433,0.0030633912043069576,0.03627076127047018,0.05683625058665622,0.017798185252768592,0.0020024896590614635,0.008706904135560377,0.12446395307798325,0.04250042308812604,0.06695888141667748,0.01685087917901023,0.04081312264832201,0.013551585893109922,0.08116077475734118,0.07201623708316138,0.02842820484292389,0.017243738319245538,0.007589318343453257,0.003779206123359575,0.005253102763348465
0.00017710383397879711,0.0015215547865331431,0.003938165942620521,0.0018161552556476093,0.00039955627186872726,0.00017591273137789,0.002136503209852158,0.00018082554678755042,0.028147681832356608,0.0032092872339128248,0.004855979008872255,0.6717887941302915,0.0010991430217864046,0.010693382108553234,0.005225388413795325,0.001423042813275484,0.0024386721851576755,0.0007489620550945531,0.0022215373482875177,0.0031692491417639624,0.000234549275169193,0.0004661373286825581,0.005463060281012865,0.0013627547796542195,9.498377696878867e-05,0.00019871151872355496,0.016811290430552996,0.00391924275273044,0.011587215429813932,0.00014487076774152673,0.013109929064321386,0.004101355575265782,0.013292586503984809,0.005786261202811884,0.0010493506642304815,0.001628953840718725,0.0004654290658426192,0.002407066936420915,0.0030429370452908465,0.023733025751080262,0.0010143509268140576,0.0004847111348468002,0.0004207559133405131,0.0013650859617262367
0.0003598631766451775,0.004749827685773482,0.009513814973821217,0.005826770633291659,0.0015439970044380897,0.0006528927265498916,0.005340561463287751,0.0004391431533848855,0.0009042420721892881,0.007361727703417695,0.007884823360217766,0.004104558886108828,0.8271248599449446,0.00635949040747255,0.0042439779592612715,0.014758722462436601,0.0028043661724651836,0.002620813865473818,0.0021080486295676736,0.01222324567331471,0.0021672476172204117,0.0009762672548078829,0.010217500767762662,0.00794797325796627,0.0002930408739118908,0.0007140138819304874,0.004188520494930306,0.0054927164988529485,0.0057152387594697,0.0071877832764340194,0.0007669566673553672,0.007473047665980713,0.009904879877758701,0.005442922164874798,0.04050748756741988,0.005556127415280672,0.0021317232837596836,0.005383406914266461,0.004098933088492857,0.004424632915648997,0.00501635457487069,0.0010750298600523448,0.0005131427748201141,0.004846520386737163
4.051182938240298e-06,0.00019335943863662964,0.00031035121795749455,0.0002395482081427455,1.5695386402837554e-05,1.470186895690326e-05,0.0001490774474635541,3.164252246991772e-05,0.006029968228286,0.00041537206141787286,0.0003567162751567659,0.0005599574431043779,5.893296652106308e-05,0.5877311848199561,0.0054025030325072325,6.649250009863877e-05,8.127908967457803e-05,6.559939262056711e-05,8.829099357715608e-05,0.0012160196974913583,7.395520334238145e-05,2.1715397619927758e-05,0.00011455168755336581,0.00014026273893613994,1.0349316358544313e-05,3.6104526281579865e-05,0.01345665831099969,0.00041645503332348875,0.019092891999833113,6.983041194967213e-06,0.0030174006749397065,0.0005205768590991102,0.0003899461077612084,0.0016155340144816573,0.00010002608754938419,0.00038675083799241466,0.00034895604045046235,0.00020295812256115525,0.00019511906342815766,0.0020779042186724627,0.00011223873724720513,0.00013098487985228858,1.1422281669878722e-05,7.951734563563526e-05
5.6181289097568804e-05,0.0015258607488873106,0.0026451123848439707,0.0018498812117465097,0.0002779225027332724,0.0002774139196401047,0.0011729533596532861,0.00022742912828996637,0.0003406950954014647,0.0020565097186593857,0.002777071787117217,0.009202852144190754,0.0006258578677625178,0.05753485093391902,0.7417298040048745,0.0007703257830662457,0.0010186055360952647,0.0004729819864021693,0.0005674823900694506,0.002007925135143533,9.137186964446914e-05,0.00048191822825334555,0.003345737356469895,0.0007773238131257957,8.002292677696169e-05,0.00017957567643674309,0.006458852609605046,0.0020757097264626216,0.007043399367427763,7.226750230588485e-05,0.001024075162273442,0.0032590202106447096,0.006563463096175578,0.0026595570968718173,0.000941412128493,0.0005641244949725237,0.003168298820261062,0.001016624400947263,0.0009181671362306949,0.016501639271369377,0.0004455157548201785,0.0005000049660704877,0.00033198991828096655,0.0004269821224077351
0.000704176249099854,0.01255662845702757,0.05001620231916619,0.010579279598111049,0.0021659014433388427,0.003361953257707852,0.014494905223350864,0.0010248789945757062,0.0028083752815508244,0.015976868231564578,0.02227049896623505,0.009646055746441468,0.023298587467143188,0.006232397823441007,0.007093813471488836,0.8092385408358512,0.013374324195434833,0.0030218609916763985,0.005536023481210403,0.0179326866349158,0.0010080981077655047,0.0023768258532472467,0.016410713879305074,0.019959114320445885,0.0010662361977947128,0.0011210870761914494,0.017033554618388447,0.02660231296068305,0.006942711441178796,0.001615676023267102,0.019274421984169912,0.034255204558841734,0.02566260480252539,0.013083959926982407,0.021479835081345364,0.014966665280836762,0.0032082275710056617,0.01256334012857724,0.014406362335247698,0.011833426868587757,0.006936504601400116,0.0027340118435784377,0.0030805427245772935,0.005380560297672386
0.0016456683933202395,0.007853144397742136,0.02647118020128055,0.00742280835050143,0.0016715529445960006,0.006178690636404004,0.011740147782419332,0.0010390029596995492,0.010860274405000427,0.012656474688959574,0.015535159019937041,0.02168943511527048,0.008020826848409332,0.011548154494103083,0.012153701433017984,0.015751480736908397,0.8081290714100687,0.007137557204151385,0.007020086536114257,0.019024475320961423,0.0010687609810341254,0.0027977902984698505,0.0640876143143555,0.008478502673616163,0.0015101219562725918,0.0021550940710733366,0.018988046096414662,0.01601618882855174,0.014610007756095557,0.0018325659981930807,0.09395115242815875,0.03192533774102016,0.055426691353690674,0.012614831496788466,0.010389410192263757,0.005425635057036743,0.00420334989318808,0.016646549408906534,0.007060913996603129,0.015698414521571454,0.006589358451137821,0.004097811036822426,0.0029583055122293462,0.004620876035764953
2.0661352922901472e-05,0.000893103446841752,0.0013787235434349397,0.013903624378049454,7.828699083403106e-05,8.0917959664969e-05,0.0005588952853915031,5.116099042738491e-05,0.014302020214677772,0.00037199495697907905,0.0007173521785827287,0.0006266469986943615,0.0010611627730738433,0.000740782404430289,0.0005848550640506299,0.0005096635323732926,0.0004727575683905872,0.7569582308342911,0.003364859910521435,0.0012578424696104726,0.00011446280647143881,0.0001239252775339188,0.0011441305497097722,0.0011736015304345745,1.7904291673151757e-05,0.00010097535779464243,0.00040224198024844916,0.003831124464130017,0.0006966320364808758,5.031117525525684e-06,0.0046707644815652824,0.0008391393665425529,0.00048734223593932855,0.0005672151435300572,0.0007621689643147999,0.0023066125329442733,0.000594090774274242,0.0005150132724166478,0.0008759544280219756,0.0005691457392875916,0.001572526543949812,0.00012096828414463315,0.00013125658006597082,0.0012024148596503112
2.695824809707134e-06,0.0037645147693030575,0.0004275690207763811,0.0007589382523015138,2.8333779776894535e-05,1.8329817164852366e-05,0.00019197877238955022,1.280202938742079e-05,0.0003872603194763794,0.0008996460399576573,0.0004444858358601073,0.00027192727681919624,0.00010165793015724516,0.00012748408845528276,0.00011435409348826693,0.00010375423786848111,0.00011682599230682268,0.00034130988056758714,0.6874648576108733,0.0042398696542219755,1.6152822037787074e-05,6.307385618347812e-05,0.00020015928221356178,0.0008186677611253064,2.963943127638056e-06,4.313520512858273e-05,0.00010490537091861546,0.00021155623965779166,6.461142659456986e-05,1.823702673061809e-06,0.0021807662812905575,0.0002464427997291732,5.277313342392011e-05,0.0004297243815740922,5.0443744447928254e-05,0.0005694162840075646,0.0004037829381976641,0.0010770142109708003,0.020250868117453167,0.00015916919410823534,0.00023164941243817989,4.139715233311776e-05,2.8546299776273355e-05,0.0002062602191335978
1.4862727707534056e-05,0.012213201600323662,0.0023269935476467572,0.004298998335954515,8.936337706103417e-05,0.00010286240493656497,0.001005429760486323,0.00020007684038285533,0.005531791426801688,0.012579530441415205,0.006117045525992574,0.00534862636142126,0.0007067822863707249,0.0014518898677998038,0.0009997879706248414,0.001261566758169501,0.0006068157604632322,0.00030555598554319387,0.010357697491435877,0.5283337113350849,8.912332777755532e-05,0.00013130453736333325,0.0019684136699656286,0.001740774173106036,0.00024093379646886537,0.0006576735280301323,0.0032248101258032717,0.002624622445864784,0.0008556171506536742,0.00018255684172453247,0.003376869086343802,0.0023193454035774328,0.00024025274269133531,0.00617074247718548,0.0010788521503205968,0.009945605675488169,0.0005776703765923358,0.024446385035905675,0.012257941045094138,0.0012580238091985901,0.0010828206484939493,0.0006671415722590954,0.00020137271771781049,0.0007054921375462342
0.003719095729831171,0.0005643090313332267,0.0005835337764599304,0.0004228618176502635,0.0016959103018675023,0.0006058049325239588,0.0004797004183422053,0.0010209135417426107,2.9570007734839587e-05,0.0006420827500069027,0.0006703815155239049,0.0007400483844504563,0.00034055202642978993,5.7987156983775967e-05,0.001686565714109418,0.000691492323535623,0.00024113565750791423,0.0005827901159747334,0.0005255035073610912,0.00020129059451437717,0.8147219819323126,0.0019996906943265894,0.00036400393916031197,0.00048651105453137683,0.003322739339085269,0.005257309262668804,0.00014469931704442005,3.357511688244388e-05,1.710161950976518e-05,0.0001276890760544728,6.594730302224096e-05,0.0007925331166304876,0.00038286069302196285,0.0001952155656442282,0.0002367586743111698,9.516794010606619e-05,0.0005895899769374232,4.043894062874021e-05,0.0001463520688986862,0.0009222253434593566,0.0014290943712462329,0.004418073267577778,0.0003452433905891488,0.004934829739404975
0.00525601434746487,0.0014112450765892772,0.0025178238163671898,0.00043183145307553345,0.00347861521418524,0.0009586340218821669,0.003083494459981848,0.0011895412074336008,6.363539679747543e-05,0.0011346279847998355,0.002016759120422949,0.0022697572171696385,0.000806567297949659,0.0016738181934102387,0.001420243040117229,0.001151795970256608,0.0024245011230947487,0.001160971821783809,0.00013648356943442254,0.0007136190661311884,0.008992848736084481,0.8804233066689102,0.0010660942554656125,0.00110399427095125,0.0015473735470158557,0.004837055613267558,0.0014388291585195484,7.674520279120902e-05,0.0003802782255619849,0.0028996536115614684,0.00011275596578764979,0.0015916145318958267,0.0008122218476128205,0.0006184190115284169,0.0003033285680368461,0.0007992031805351128,0.0015044403909041954,0.00014818498945043894,0.0012700034299043788,0.0019555004578012385,0.0015075366959968275,0.0038404038338167956,0.0008724880808614363,0.012727954087914956
0.00012616689739652882,0.0009843796039704239,0.0031196193044464755,0.0011046625482922746,0.00012347812196911157,0.0006009812209359613,0.0022658010100918063,9.593574665017234e-05,0.001835615356486598,0.0011596907404099357,0.0017515122375355006,0.0017407188005259685,0.0007262062840065666,0.0013444073234766963,0.004235423731403678,0.0018365024033471635,0.009573220783977267,0.00025310751936247265,0.001018677450850063,0.0035826642686678616,0.00010694499098580909,0.00013010991936187536,0.41545945572281306,0.001336516789806411,0.0004506937895558702,0.00019612251031436443,0.0014280119764926921,0.020190617914648303,0.0018475573204501773,0.00037035031191435435,0.003106424361784201,0.011904701554322508,0.0026509767845552122,0.0017262238507196016,0.001223643973193375,0.0008823177919709553,0.0008537263411445359,0.0023735423045262373,0.0011009982836727324,0.002990100392327033,0.0004463063267784495,0.00047480460221938607,0.004058888845281905,0.0025566257176638887
0.00046983786462346085,0.02284052198704665,0.01643473870474178,0.02227502151197682,0.0018823704368028044,0.001512727898407233,0.01503559271822192,0.0006755576416944569,0.011640565333918633,0.011796734083163778,0.015196362089093201,0.0045615193195283135,0.0102216918397743,0.004050491578011037,0.006114427430812818,0.012702322000256689,0.005442432007666647,0.011764849596916097,0.03155243019841116,0.027339579126701995,0.0022086657334685995,0.0019809984471449117,0.01758792910732426,0.8422198082774155,0.0005067759882673836,0.0012650336136310833,0.007379588524326126,0.02386531605057435,0.003516875634434184,0.0012949248615296916,0.03538399991824567,0.023842787367125855,0.00328453927019094,0.010889184335496696,0.007323087571487976,0.01935834975758538,0.006446301256135019,0.01671211561573827,0.044414705613522114,0.006646717734662112,0.008610732250842423,0.0023574328661029108,0.0010483255660891251,0.004708711793163995
0.029686398449805376,0.002888640015626265,0.002441692470993876,0.0004310533568737729,0.0036499527142351794,0.006708676614592345,0.006085550667420301,0.003183638207808902,6.398157379374026e-05,0.0015479543239712782,0.003467849160395337,0.006732826529740333,0.001721024254192878,0.0032983214663633497,0.005321556281719292,0.0022102011033303262,0.0026860416405331228,0.0011293290341865495,0.00033755403298125667,0.0015620047196230188,0.02365091699296287,0.002141989703095723,0.005492546395894575,0.0017478470674833534,0.8789307266565396,0.015101458457358725,0.00043278779453173697,0.0030405617430391504,0.0009135617321874401,0.0022695419464728614,0.0018142119854381205,0.0018021249032817517,0.003251123945408883,0.0010337234708620608,0.00041322608038823106,0.0009655501009144112,0.010651361771380864,0.000317355417877001,0.0005419099374064664,0.0029168188327944565,0.00044499617323775397,0.025272793037182027,0.003079132472086666,0.020339804008134333
0.01024752983111059,0.002474360507212421,0.0018658962806651271,0.001158496061101186,0.00210830165327755,0.0024699892358029554,0.0025806122988999113,0.0035042777431741434,0.00013123377968626062,0.001406101560245506,0.00381004802971279,0.003021158737043235,0.0016092213714206972,0.0026096528039912807,0.005233312378083568,0.0019466992859814337,0.002778554699548523,0.0020768225556640173,0.00022222851614234833,0.0024428346236239134,0.010739056529593663,0.002535933929516107,0.004607581880215755,0.0019451919850314431,0.011868198480218382,0.7853280823754183,0.0006459654932986662,0.0002110860832031753,0.0014093412563371203,0.002849941852664674,0.0015050864622036216,0.0020951443456340498,0.003803199430279685,0.0016098691936623506,0.0005452404176341459,0.0011331331054225348,0.003579580554747773,0.0014947674066667304,0.0015093945004884522,0.0022394578132757972,0.0007663728675337428,0.015119258873899942,0.0022497196888534824,0.01272812465310876
4.386016124177031e-06,0.00024078747565835343,0.0007164734503619859,0.00025308705058508764,1.7175210147976448e-05,1.1433189935409139e-05,8.810593718795713e-05,1.8822297430930498e-05,0.0006430025192726026,0.0005916489951107126,0.0003391590114984049,0.0007810738528798896,9.6011754503923e-05,0.010089929681278276,0.001099385756424628,8.261616126462647e-05,8.713673474918418e-05,8.737706780114136e-05,8.993006835417252e-05,0.0005840251036041042,2.1214349603288644e-05,1.7117173678137863e-05,0.00011706732786311372,0.00018519893804369003,4.344121444309772e-06,6.644935683104003e-05,0.5113766939253181,0.0001814523276904866,0.013806063976535603,6.556989815549198e-05,0.0011930000221210487,0.0002896678367302763,0.00125357948637224,0.0023084056640679026,9.26779959321662e-05,0.00015224896272448117,0.0018837430316478452,0.0007886795303810478,0.00038304400554207274,0.0008225462816043604,0.00015540728687900236,4.444673449244608e-05,1.1831561620127636e-05,0.00037652291705640755
4.469599536850939e-05,0.0008096772151174545,0.008930171540935755,0.000465012387304462,1.4324932122994886e-05,0.00011775391988314087,0.006931296332260746,1.6600836264067516e-05,0.0032223557187901156,0.0006937635315119847,0.001944825576639278,0.0009240400864848112,0.0004089332558711616,0.0017161114027862533,0.0003405333691570705,0.002172288576262754,0.00935367705709479,0.000393042741170106,0.0010122355700708247,0.002136265008201238,1.3183451124204049e-05,6.120857566264696e-06,0.01209414309235234,0.0011441257556641478,5.8902672730562486e-05,5.204444779915576e-05,0.00036224111014233526,0.43157476763422864,0.00043652781249958316,2.744035891127674e-05,0.014332408172715642,0.001198140616607511,0.0011921320469365536,0.0007932131229150538,0.00037103203884326376,0.0032388055943358644,0.0003269889495523997,0.0010648964435369325,0.0013606582419337784,0.0009736065449995774,0.00012531720518735897,2.1066807048660717e-05,0.0015386829720937152,0.000609339655671552
2.5575653648691117e-06,0.00023139215843755035,0.00022571233109967088,0.00021166605812729744,1.2793126877266357e-05,1.3212771306865223e-05,0.00012323079758972907,1.2977233848431292e-05,0.0006988335947331756,0.0003421079299935033,0.000183150676349975,0.000691516773551528,5.150563169924437e-05,0.022632290309862912,0.0020774960402468977,5.778446391667843e-05,9.075899783552416e-05,2.433232365621063e-05,8.322911460382438e-05,0.000409393455480888,2.703034710671287e-05,1.76153045392986e-05,0.00017581098619161184,9.383982046286186e-05,3.880895911090745e-06,1.7088460058021965e-05,0.029095569904613747,0.0005199538965283113,0.7254902823827738,7.951433915217709e-06,0.0007301950544999274,0.00028159247169508506,0.0002609809146564595,0.00111355847945676,4.922612381556035e-05,3.524648121433495e-05,0.0005993091633259671,0.0003619155999789522,0.00018266456139754005,0.0006109602457985288,9.99526843310131e-05,3.6751628250629994e-05,1.0527317357747157e-05,8.302261158055233e-05
0.0002481869817163534,0.0013986212037900316,0.0011294663292068493,0.0004010136789904173,0.001727707646807407,0.00383489989978287,0.0011633490649863927,0.0010221545103711262,2.7917324095591917e-06,0.00150819015648897,0.002622619825062009,0.0011400619675861873,0.002289839971126031,0.0018352215426029356,0.0014425367344555599,0.0010235066341464396,0.000635477880461434,0.00024343048372578728,0.00025688567028340115,0.003172184332532006,0.000993679603303768,0.0012125150057479177,0.004211321301023756,0.0015094221173668077,0.002778141901927666,0.004949941573431405,0.0003643721937489101,0.0002526919417781671,9.796254106514406e-05,0.7722456932510235,0.0007850872648301918,0.0012775657379028944,0.00043793348043478283,0.0008482646552625658,0.0012846690742381929,0.0006510826554693779,0.0002399103069865911,0.0005789983981356759,0.0010678216499054353,0.0012353398162039545,0.0008941851872270276,0.006499164481394906,0.010142254930153085,0.0021283799714759367
1.43174156197064e-06,0.0004604509487945435,0.00017970225777589363,0.00027323943522354296,3.4269342876154987e-06,0.00018432664378002344,8.119633940703872e-05,1.04999433472492e-05,0.057927047433567136,0.00013884548173434219,7.47910755643941e-05,0.0001915415370821696,7.386432126777994e-05,0.0006324904861079234,4.120032871639561e-05,0.00013120936374510803,0.0006864041185482933,0.00014493395936136382,0.0005012083898931932,4.377516089648935e-05,4.088620817027763e-06,2.4772606585431467e-05,0.00043860740768136364,0.00034389279130297876,4.404271878199164e-06,4.3563595751008614e-05,2.7216365568144978e-05,0.01528500679164937,0.0002721728167538563,3.6126734840005304e-06,0.5156969292610908,0.0010813214044048264,0.00014671051317935015,0.0002204764754317199,7.027301215521169e-05,0.00012853880552611845,2.103668645714846e-05,0.00012236530537233187,4.471406766483345e-05,0.0008691061410388613,0.0004553394173105614,4.183264560614933e-05,2.2829569115672192e-05,7.305422989911939e-05
0.0004360475578903652,0.004906331048740001,0.04309009873543446,0.005359319930683732,0.003661115009798866,0.0009534037158040302,0.011544109657828401,0.00109240452569442,0.0069349054705609954,0.0071565077723933146,0.013383386275099541,0.007783743002364469,0.003875665890807189,0.0071500022964820645,0.01265141843756082,0.007706295972668097,0.00636376958756034,0.0017500120512147065,0.003693979856896754,0.01206523559786545,0.003394455143442491,0.0015265053537159223,0.016137371850137673,0.0027002737211545124,0.0012588842233885711,0.0015572585057761533,0.019905709203531116,0.021715532862998748,0.00594366392263499,0.0006530272355014842,0.018679104367563832,0.5614332368003014,0.007860277519581842,0.008075397748459319,0.005353081431085532,0.004946506612074933,0.0015685694299471063,0.00507715033503461,0.004444325883219038,0.011942252874912466,0.0025055179893479543,0.0018051111641994306,0.002721677900038986,0.0037176113955197953
9.726927769810042e-05,0.0013121649348027864,0.0027844709620450823,0.0006426693448459017,0.0007711124516971093,0.0012662979783281745,0.0011644100259814436,9.634374158967356e-05,0.0005484900784702703,0.0013986816412676413,0.0018385053980304517,0.019307948046562173,0.0007291874175398781,0.025787099305284257,0.006609895954990183,0.0015197923367695064,0.0031602506365224093,0.00018486041414581743,0.0027312163867224057,0.0015630841548419036,9.82502046921804e-05,0.00015708913396008238,0.004460190610599404,0.0007334700826287349,0.0001828293939328775,0.000256118799303253,0.01570988071206884,0.0027231024844576518,0.010537639816948838,0.00011743039744575553,0.023960852579579833,0.0034808855625055447,0.6380369000267264,0.003863706008551346,0.001217553013288297,0.0007700319954160526,0.0005927174893963915,0.000892484257189679,0.0009480416241815838,0.027697423701681434,0.00043188345304371657,0.0005741987498114754,0.00033106516850481385,0.0006277095024384322
0.0002742996859656223,0.008006288258421137,0.005666175748214483,0.004220854452263805,0.0002965747335426429,0.000164109266316779,0.0018485658832845737,0.00032358940554439987,0.008420193734750302,0.020687183852749785,0.011248474004954018,0.007058611437520914,0.0020832359225418182,0.006354532111499012,0.006110744439466064,0.0026828339806261553,0.0015085716495904092,0.0013041989351810456,0.0027487639810600643,0.0174107486949485,0.00037568287942278537,0.0004456564103893053,0.004383475641310832,0.00399106115771867,0.00022389459769305074,0.001369943434609258,0.029746204839530183,0.0032183808856240145,0.007825445615261353,0.00018380204332994038,0.007428471728228751,0.004796702801977523,0.005935666669087565,0.7443654007466451,0.0015101442286419855,0.003991294238227001,0.010090474669879248,0.022490223773789945,0.008261351293995207,0.005980745457626352,0.002432507222595152,0.001250133445260359,0.00022278482429162816,0.0008318714210999999
9.84184227987449e-06,0.0006892342797976742,0.001909787800826184,0.0016633563509912334,0.0005405783371438714,7.487763947252915e-05,0.0006445598102195158,4.2753239393236194e-05,0.0002482816853141308,0.0009898236257463917,0.0015086190349721956,0.0006641862294442657,0.010997195020112144,0.000746485418237211,0.00044391744065984444,0.0015712919791696076,0.0006684822386388893,0.0003713542733248431,0.00039045871095957484,0.0011397086252010705,9.849615023445099e-05,0.00024272221079616574,0.0017535293008734772,0.0010546646290439195,5.346873299193413e-05,0.00012871781572581855,0.0012992711636794294,0.002891531658955879,0.00028353994256891763,4.609630710532332e-05,0.00033163479160730204,0.001407140735858496,0.0003677523135282666,0.0005485914679044387,0.7506144829854998,0.0006103420550349478,0.00016165308956572107,0.0005695771043733033,0.0006134036904100557,0.0008548150988892741,0.0007301782240507593,0.0001753183938996759,8.283409299565035e-05,0.0008920504580277424
7.222744956382479e-06,0.003932262318105451,0.0012391455273901598,0.016536191060473746,0.00017392474068871012,0.00013355717865090496,0.00035291244600583956,6.290472992811085e-05,0.0031110722411540567,0.0034423113356164205,0.0022850960331353277,0.0005750538326866917,0.0007546595462000139,0.00045902707252754396,0.000454466730175374,0.0010408192817912307,0.00039137530315652003,0.0028503466333580463,0.0020257407465273927,0.02387181042855136,7.893565288655026e-05,0.00010114361993446446,0.0009265254861096161,0.002418800297420847,4.250528513781749e-05,0.00021290436486643004,0.0009026724210959521,0.0008410707826210087,0.00027345368084382755,8.5738096217973e-05,0.021098272636651906,0.0008991861861129013,0.0001870624254877787,0.0032927365105573005,0.0009319884221206378,0.7531296024692291,0.0017386007964009288,0.005486151894824362,0.0031525683073513017,0.0004920226496886325,0.0031625427102434382,0.00016207751738417495,6.566643307426722e-05,0.0007446458844994661
0.00011180665534668105,0.004862348625578698,0.00354103167111405,0.005733353074041929,0.0005261764369557243,0.0003794173535192928,0.003640088064947961,0.0008109606872638982,0.018281293253120785,0.010931778111904066,0.007501699822922747,0.003843501456631385,0.0013782931735348096,0.03254313013699993,0.01060964291262065,0.002587041898930465,0.0016308104182676867,0.0006184572480767821,0.0014674655702093592,0.005812463429786749,0.0007335037319625852,0.000666814769839134,0.002166141984106303,0.0027251626694087695,0.0009746929775296967,0.004194136441997031,0.028645506683299668,0.0042205257120847784,0.0178752277280712,0.00020920341301575268,0.0016180809646413788,0.0034191924931193367,0.005015602044217828,0.007282997481126276,0.0005187255746587939,0.0037825716256650564,0.7693567309566292,0.020219472984902863,0.007104987458594499,0.003816538178039558,0.009865726129949046,0.0008227945484443722,0.00024985068731808133,0.0022034171445437538
2.68849555875446e-05,0.005100348186368663,0.0010175143590486406,0.0023590524666282932,3.119113840680411e-05,9.793903121026217e-05,0.0003809084542815266,6.155851414106864e-05,0.0010723603049109848,0.02542688445767419,0.003029447389151312,0.0005814612104098459,0.00038793928101742733,0.0008196605807305583,0.00043161110802058606,0.0010341367142064444,0.00020396239960230293,0.0001738655494461912,0.0022874483870209327,0.018646328418466366,2.361678623571831e-05,3.525405510307744e-05,0.00033810613265643734,0.0009459427315221748,6.907966774799876e-05,0.0015713381119580373,0.0013180001690464502,0.0008091414720097227,0.0005573411049613747,4.53801043412597e-05,0.0031568565367931147,0.0008350443578439965,5.561146031759256e-05,0.006314047479567885,0.00044895026654608126,0.0020357441073032985,0.001066858985286047,0.6306155621488124,0.005701949740090341,0.0005540495844606568,0.0004902350161024293,0.0003720339200698989,4.592529623383234e-05,0.0006089048602726079
1.9992542850934354e-05,0.004392850911694811,0.0004472233285381706,0.002168567362007084,0.0001719420700137938,9.946766079970283e-06,0.0002507349838103742,2.7841301553294735e-05,0.0004863579267072411,0.0015304953839854222,0.0007703570336003884,0.0002272493720921144,0.00035380199732218105,0.0003242261712889119,0.00015579453914453948,0.00021570634893741975,0.00010288887766558011,0.00032356511506087413,0.02039800454773944,0.0034665175378324193,8.812817732096024e-05,5.6497726562474e-05,0.000159440273204911,0.0010782066781940677,1.299006654083114e-05,0.0002961382595075182,0.0019024248067323708,0.0005831540209484871,0.0010119607673365057,8.591398240614132e-06,0.0009034732871853037,0.0003471694330770614,3.184868355587521e-05,0.0007818815272108312,0.00010296604538636207,0.0008496849427949327,9.015906048888795e-05,0.00219242307656716,0.6240060908602256,0.00021035094301548066,0.0002804404490869732,8.203795239561582e-05,1.521012409483996e-05,0.00016014277818766413
0.00020561135086963382,0.004303853323011673,0.007681909131107859,0.0022609668775800435,0.00029944436449782364,0.0004894138677130466,0.0012239156127376086,0.00035253014071621514,0.005190347533940327,0.0049261224523572365,0.004836045402357016,0.030678123994529766,0.00112679648573296,0.06259668128256932,0.026760029322662634,0.002282478533215021,0.002923155755834383,0.0010007256802365679,0.0045406800238198194,0.006202795005131924,0.00011292352952385441,0.0005449501080371216,0.005771669979174862,0.0014835071046861844,0.00014969322074396752,0.0002698635353091382,0.015094401398516215,0.007985520716583325,0.017438691766064787,8.550075918151817e-05,0.030255713715245998,0.00485940837203116,0.022713195538447018,0.007516118972726327,0.002132275115365609,0.002432138469794879,0.0026626306760176976,0.002945348962323014,0.0034283336463898193,0.704691870055173,0.0012898207692949553,0.0006462195650648442,0.0006516211143863857,0.0006359698032067435
0.00044668932872689597,0.003609515448929553,0.005076511230341263,0.032845697357638454,0.0008259537556537791,0.0003000505924446337,0.0012452080458798434,0.0005307206285707304,8.786759700208375e-06,0.003950012077716192,0.0045678294275075925,0.0026490557098070577,0.0042185321315548205,0.0012283880481824456,0.0037687381902962694,0.002753380920228274,0.0014544307140128604,0.03221415210400309,0.002033713032938695,0.005701473706963708,0.0020971129059285283,0.003282452399615421,0.001130403323375887,0.004200845265899992,0.0003884337021926789,0.0029676679503127137,0.0019684489637988214,0.0006438428874282572,0.001538780194793785,0.0005853857947096557,0.0058181023041566455,0.002719734484980495,0.0021047873434864683,0.0033476248384877766,0.002518177309133489,0.008475016307423774,0.004419775083132483,0.004069331438175839,0.004340303414661847,0.0025023958042309736,0.81366948153026,0.0022868928396861123,0.0004391267631140132,0.0030747824924322615
0.007508958852940004,0.0007340689471441883,0.0008309678929870251,0.00026298290109696347,0.0012621894357555709,0.0010960986697150202,0.001122237525170991,0.00153512267248219,4.067697843310351e-05,0.00020830833463968384,0.001671547882159868,0.000635310978063755,0.0016742169737142777,0.00020616475731585505,0.0005602933987573402,0.000534786003014912,0.0004509917901477649,0.000634664364463165,0.00011627442224902517,0.00039943957214901043,0.008249640690011387,0.0013990746437110044,0.0012997810800380325,0.00039117566687971785,0.008781921017317266,0.00944003701112047,0.00015881126767561282,0.0013556745314307417,8.30252449097e-05,0.0005863208488472898,9.567177866450553e-05,0.001398834208319842,0.0006030812295161705,0.0003188744694947259,0.0002934921400813286,0.00015897470168109586,3.206118201816039e-05,0.00011776305421685991,0.0002334073732524153,0.0008024346298168754,0.00029443796567549886,0.614693393669325,0.000882429198449039,0.006107718753668715
0.0037162275871926494,0.01366697467625013,0.027488348121267932,0.0061991101315674235,0.012265705582225611,0.15384705263072584,0.022884905345748115,0.006148169585133771,0.004089820813870957,0.009057386810197014,0.018666229557395192,0.012713718709955331,0.008471179627955142,0.009308082784289892,0.019506528708601305,0.012975972305020454,0.021080748247430087,0.004114697213421417,0.004289473964037747,0.015221975700558882,0.008680725715391625,0.01201948162076966,0.07375510258870425,0.010244388758959886,0.015093594779367876,0.02199884295118406,0.025620907509390185,0.0015484562771445486,0.002534281428437688,0.1575178402783284,0.003221378202071693,0.019681439872131244,0.011663957422350144,0.005716999921031867,0.010159516619909775,0.006506114681560361,0.006505402795364588,0.00395958953669447,0.005225628263002431,0.014321357613603735,0.009228118857921377,0.032937955610461804,0.9060857897110739,0.02562824457995302
0.0515713380132989,0.046532757928733,0.07577565026275473,0.09342462725314016,0.04143120645803369,0.043052220045045365,0.08602507700916669,0.02602888185756126,0.12838231882591472,0.026737481931331946,0.04050656521820705,0.10289674267848187,0.051435664442247,0.07347526483001074,0.04424443727170485,0.040465633891553235,0.05719491548259365,0.13991082122256404,0.13428345881397774,0.05422277018299706,0.07683644111844626,0.06546161833951171,0.21214662220004452,0.02787752195155335,0.040501352527272945,0.0622749549537497,0.16016629234796234,0.25684367123413554,0.07723223636710408,0.0218225763218666,0.08741950921049126,0.06949137137850767,0.10410737190663197,0.029817243778418857,0.0963847469529369,0.06732939447018631,0.11553692914567738,0.04268741241213257,0.07448574254623816,0.0657493974342274,0.08290667134367187,0.12336831944227407,0.028368928859945304,0.8031077680452524
