0.2130631400397866,0.41043759549792524,0.41038703606937527,0.004573101005788693,0.07603439485296495,0.004383487113588205,0.006592419853112524,0.004210496964172736,0.0014441142889328373,0.03945295753749357,0.030451277884165528,0.03145607298666837,0.010440555667075854,0.0010335877289820857,0.0006083143982439554,0.007973171411320356,0.0014567973214585164,0.00556553652335432,0.01696788649491988,0.0037484379997858052,0.0013373870053824284,0.004924593191408724,0.00424108243017941,0.018793119263460008,0.01879306808366712,1.2741602901145405e-05,0.011124526826865785,0.0040559167887506496,0.034931129788615685,0.004994838951451386,0.032640715346427256,0.06628411746401677,0.003586740481091253,0.006363491857022011,0.0005047083508761977,0.0019894565869850345,0.0014723003847278793,0.0010803442150520448,0.0020163779113633205,0.0022678329493954,0.01521265823574178,0.012040529147995404,0.0013290085040791354,0.003907109837850862,0.00147034496679475,0.0023728648037083582,0.0023728975909323843,0.002372897590563135,0.0023728772933673333,0.004829420202178615,0.010541778357202,0.007362060787809276,0.0007113732141290296,0.0037977426883779608,0.00424117332823607,0.0
0.0018287583094953239,0.05090019872673048,0.05089361152567044,3.069767538738919e-05,0.00042208246546812113,0.0006662850354681114,0.0014290940021368555,5.448464098727163e-05,0.00011392828454790509,0.0009237615265056763,0.0018227555734103183,0.001887665944114098,0.00045623561282630683,0.00025734762579945013,9.147428468579566e-06,0.0005020654363152886,0.00012192544304817734,0.0014753266338825071,0.0008337116833441239,0.00032127429316558493,0.0002874388962336979,0.00017050724313682155,0.0005814647027623393,0.00014473170770985192,0.00014473371018378762,7.80112992842065e-05,0.00014691007750924863,0.0004519635054584546,0.0013536039957124867,9.528036709773834e-05,0.0008963947279614265,0.0004113211835655294,0.0001449413356640957,0.0006826676337919501,0.0013285859881076393,1.8925265939497433e-05,0.00012847791233942327,4.8874548773512804e-05,9.033464612341948e-05,0.00012862254312259814,0.00025552153266180874,0.00021470892535028712,0.00025300869636093673,2.7905461267727097e-05,0.000167235836887403,0.00041368739753326427,0.00041384265234105724,0.0004138426505925771,0.00041374653885007686,0.0001654079585420025,0.0007142616146137537,0.0009405191611925993,4.0497599996534026e-05,0.0003849128141673182,0.0005814225712615631,0.0
0.0011168383480910375,0.03108518690977549,0.03108116404972218,1.8747333035685826e-05,0.0002577693733742754,0.00040690597248760547,0.0008727599357040223,3.327423646996327e-05,6.957697824511424e-05,0.000564149068762054,0.0011131724257991773,0.0011528137446188255,0.00027862699271061746,0.0001571643971708462,5.5864128392934885e-06,0.0003066156580760606,7.446091137202975e-05,0.0009009945995185995,0.0005091548589967623,0.0001962049599447548,0.0001755413935127085,0.00010413023239524567,0.0003551054695060009,8.83888923515944e-05,8.839011527956186e-05,4.76421680069099e-05,8.971924142815499e-05,0.0002760179801851207,0.0008266575428210389,5.81885354901338e-05,0.0005474359307164172,0.00025119736643326566,8.851691393701425e-05,0.0004169109654680523,0.0008113788315004392,1.1557821850654966e-05,7.846256043694741e-05,2.9848105150083234e-05,5.516814137113084e-05,7.855088769382186e-05,0.00015604918646601197,0.0001311245779519066,0.00015451457583500752,1.7042103980141314e-05,0.00010213235660566495,0.0002526424335507921,0.0002527372489904094,0.00025273724792259766,0.0002526785516590353,0.00010101605565917637,0.0004362056799021213,0.0005743830996585809,2.4732230851359706e-05,0.00023506954926828694,0.00035507973943796204,0.0
0.00019104521721615225,0.0007800847633767038,0.0007827612340836198,0.08071907767942658,0.0008449202558638694,0.0005613189386761126,0.0018592407898111551,0.0024670291485607526,0.003003064375427157,0.02222668935096514,0.01877472788202983,0.018906878524232052,0.009900200255339955,0.012212070241940516,0.01474185670249448,0.015004276274453532,0.005000277589523894,0.003909933154568296,0.06959621725088468,0.005202830689256109,0.004787789254699452,0.0038664800866038936,0.0034111794553441303,0.017108232867698525,0.017108323850729138,0.021045540073809592,0.02251188031873448,0.004048743647518087,0.01214820850984012,0.0020948855348815612,0.03934847159031889,0.020649953000997152,0.0037631240133318704,0.0013773804926990535,0.0007651380139121226,0.00524362616570312,0.006790768847783398,0.0025875743386432936,0.004793508067945497,0.019485967643549398,0.008365979977962672,0.00487687578481525,0.008565770433878605,0.0005660309547384659,0.027124169743649885,0.008742245676348922,0.008737819529271563,0.008737819579118847,0.008740559621209749,0.012060202095610113,0.009154698171709774,0.005784753076707651,0.002584918312186419,0.002854622123634067,0.003411881536225235,0.0
0.7101037444029634,0.10129718711288205,0.10128945959872492,0.0028886274387214966,0.4353361086715611,0.003629939786374717,0.0065036880173199715,0.1414376132864845,0.009391351092896318,0.008677964308063696,0.020113132029018408,0.018701858925730598,0.09075565883418453,0.05255907404480204,0.016832673571189585,0.0437825871814847,0.011916511911829413,0.012579525740677288,0.022800420931068828,0.010137435268592563,0.004678639797314278,0.007349507976975336,0.012227976453859396,0.038158716917160496,0.038158667969170994,0.016676365626788363,0.005508829357272024,0.014227145947025644,0.08681308541837504,0.02765329156967374,0.10271661428043179,0.12193733310517924,0.025126312918366474,0.005691140152909247,0.0015805131535201217,0.013549514457958448,0.006900056738862236,0.0037635166644487037,0.006994615595191335,0.010694010593133909,0.010146373212739597,0.001469193663767163,0.002027591664780067,0.0008099412907472209,0.039830410235299415,0.01175022362063801,0.011751581588369578,0.011751581573076146,0.011750740912185859,0.010598122866764127,0.021067066372439453,0.007856634651896406,0.0027398908531016675,0.009945025764673779,0.012228705360000095,0.0
0.005332005956014418,0.001586987344989898,0.001586908143352735,0.0001990717615281932,0.0033296881871652095,0.25209906732306064,0.000753791736724946,0.006572581119356521,0.010916277700472357,0.001526567687411699,0.018124193409845894,0.01884361900517699,0.004010371277006014,0.0024313027831938585,0.0006273774902746365,0.0022703501581639238,0.002449319909544503,0.0008174873467726852,0.0005926272249268107,0.0005742274931369006,0.0014208178539043294,0.008201433723272703,0.0019813579729781716,0.004006023711800776,0.004006008584552656,0.0025141633889290936,0.0007428483699210333,0.0017486470789939749,0.008539328894801187,0.0013534874975687492,0.005413842555026415,0.0008163971475969997,0.003378123999056753,0.0021662429559264275,0.00021408805208293906,0.002299909416491122,0.0016390187641673168,0.0009111894271854862,0.0016954963231120682,0.002558884649721193,0.0023088953886865444,0.002427706901310971,0.0003657319258085616,0.00036066415555766225,0.006702330722545833,0.003338157312444306,0.0033385685380563227,0.003338568533425099,0.0033383139608891923,0.004363641864831406,0.003204825202596588,0.0017099420868846445,0.0007510115576735988,0.0016960612179610056,0.0019814755864774984,0.0
0.002374719062347525,0.16238974314295435,0.1623687603382345,0.00011598880841284982,0.0003122043594816332,0.007835826155056761,0.20928472466645856,0.0039028389636954976,0.0011065560678359702,0.0020842067732746964,0.0049796665120331466,0.005041064938333124,0.003495701318499546,0.010257218671257657,0.0010606544504351797,0.007391513344748872,0.00265279910013866,0.008107722235366278,0.0029473560195934917,0.002158175842956705,0.0009664500511255608,0.004775460000650685,0.002316914878641136,0.00540958244925822,0.005409566264048927,0.0018698440762489757,0.0009234922463396062,0.0024366880750468886,0.009433615062608503,0.0010846773756242865,0.009882946816151402,0.0009924623571992875,0.00482568599606517,0.0025851375243561886,0.0014284096499953855,0.003604584168559775,0.0012455171949085151,0.0007099052779980802,0.0013223351724737157,0.00273868474247491,0.001338721308790263,0.00044030304577796835,0.00022720667340986856,0.0002494317979891207,0.004837766559072088,0.0022941313690340672,0.0022941042019369215,0.002294104202242878,0.002294121020253751,0.0016155324025242095,0.004023944431715479,0.0014295553089187524,0.00046776607830500624,0.002014416307472437,0.002317007082032899,0.0
0.0007200404663736787,0.04883028555225244,0.04882425437518861,0.0028667367866287547,0.0025104437792421064,0.04154959562350009,0.055310576164498186,0.26143796185318685,0.0030646914635035567,0.00782435073338159,0.022625488482308016,0.02333332638176951,0.014595625515409218,0.004833674974184885,0.001834060286035148,0.014902343327235003,0.008237532878389709,0.004940853414217584,0.007698541019452559,0.003465393297627665,0.001443834693090379,0.0027832727700205463,0.005466371343797655,0.025681600758121367,0.02568141555299105,0.018637412205158313,0.0025353173178901075,0.005659337513399812,0.014675805228882175,0.002114152843170993,0.021177132450902914,0.006238834183535612,0.006974037558235931,0.002728046890328796,0.0012368883881087643,0.004888391887338222,0.0017913507665744564,0.0010937781542190443,0.0020344503597174786,0.003692369812264778,0.001926127404148633,0.0005165258900451604,0.00028075593892885507,0.00031842179625740186,0.008908997364371327,0.003008627164677954,0.003008459971312437,0.003008459973195369,0.003008563475598437,0.0036506958597151934,0.009225537932302123,0.002100874388322076,0.0008036796584965801,0.004180199768567976,0.005466282727980759,0.0
8.947338931570004e-06,0.0003881913259219864,0.0003882517071443543,0.00013940544063946374,0.0019770771528760077,0.053388405356707906,0.00018525538232547694,0.03979923167963878,0.021093929960098932,0.004236401788168448,0.008743804736804906,0.009008925894035687,0.0037674401532328807,0.0005738082728390125,0.00011046149189016708,0.0034645533660114408,0.003413708510429824,0.001346366056125621,0.007898916990372132,0.0007686265459838049,0.0009173683064909668,0.0016724466906934898,0.0021626025489163395,0.0033211888447693023,0.003321179176311021,0.0014325707155004794,0.0008998752410165755,0.0020475194179157344,0.0039343721982883,0.010135578974393105,0.003862333740623785,0.00046851828449227974,0.006837791471328186,0.0028389315143006995,0.0008558969864779351,0.0051251520690594864,0.0018498504756279878,0.0008563240915671147,0.0015886097601255946,0.0031160638969626687,0.0016118578575105849,0.0003581519518542326,0.0005064238453565685,0.00029580578692687767,0.0038338131501499235,0.002482186872386103,0.002481269434334935,0.002481269444667125,0.0024818373921013295,0.0037719062425884188,0.0026773334975545896,0.002713110350768679,0.000899609042908272,0.002070709412211687,0.0021629316340755745,0.0
1.1857819025378998e-05,0.00022682573693599803,0.000230796204864504,0.6980780361991089,0.0014918361514194489,0.0025160189663439403,0.00014845386503479116,0.0012925776096192846,0.002254337654897458,0.048803065888414994,0.02051751311699238,0.021187831764727553,0.0011246769276207777,0.008395615547783179,0.0005691448288547277,0.0011857398856705422,0.002870320631649216,0.0008714809846301205,0.001230574095566207,0.0007058135109599068,0.0014578612312051834,0.001651864211970666,0.008370651404277119,0.02235701092022554,0.022357163168842138,0.016009868039314135,0.032422427629117755,0.006261908832544436,0.01928701108592463,0.00273691935471091,0.06172409218993137,0.003949710157420677,0.004364320369365135,0.00334121198647966,0.0015350391337194886,0.0049482614613812976,0.003984627074478641,0.0017657442421823574,0.0032730414562980406,0.008234389160413597,0.0025462917848815708,0.0006214702586658305,0.0005681698959940092,0.00020670660061658552,0.031444864641349796,0.003342552696075749,0.0033406242972288357,0.0033406243189464686,0.0033418181098251384,0.005625329815181523,0.013025119430848947,0.004378634358629037,0.0015678973760755012,0.006112609517748667,0.008370561538358965,0.0
0.02464129448563782,0.005056410243943215,0.005056298721023605,0.012936658625614952,0.018025947812872208,0.002045934797291329,0.003515250077683923,0.022325588812001345,0.007345120960658643,0.03514478469928403,0.2558304648313909,0.2674067815780897,0.02786278919584553,0.01333838753183476,0.0010551186432864127,0.014773648629173255,0.010881850178786503,0.0060363974557151,0.020100553325189795,0.002975251202849695,0.002955745976252025,0.009533273898798428,0.0063162674013144205,0.037899705840966025,0.03789942620389095,0.016658588446779216,0.0030922190168958807,0.006080808847562891,0.032347969508234826,0.018284333607085274,0.028742370533559835,0.038454218864049226,0.011312963366785209,0.0028586207970028757,0.0004456089361501826,0.00386569950401885,0.005010464661354022,0.0023631136764904106,0.0043705277826607955,0.004915843546716699,0.003538653080497815,0.0016682450583575855,0.0003810374677420207,0.0018382343006886316,0.038415273956052355,0.007575250019039917,0.007576718824097954,0.007576718807556268,0.007575809531923985,0.008072652362276044,0.015372920387277316,0.005522012482927692,0.002212196914659029,0.0048648405027134295,0.006316813054468678,0.0
0.008806903038409154,0.0018071824419281938,0.0018071425831642743,0.004623616597058062,0.0064425501126135305,0.000731225763855629,0.001256365269607354,0.00797926002050288,0.0026251773478706904,0.012560894937267272,0.09143489191910785,0.09557231656575176,0.009958278895228835,0.004767196210006812,0.0003771038729664665,0.005280164606469433,0.0038892193532659466,0.0021574340229880405,0.007184022911478838,0.0010633673841153012,0.0010563961334982518,0.0034072324777519223,0.002257460727173352,0.013545515424125142,0.013545415480649869,0.005953850082553811,0.0011051721763724546,0.0021733068425768094,0.011561301339687545,0.006534898290078925,0.010272644991545697,0.013743700727688445,0.004043301033004687,0.0010216831829779809,0.00015926252153719735,0.0013816173792072248,0.001790761296069071,0.0008445868389633397,0.0015620451446250667,0.0017569433088491702,0.0012647296019564396,0.0005962378511333384,0.00013618440518053295,0.0006569927264770318,0.01372978165258595,0.0027074264482442752,0.0027079514053943965,0.0027079513994823275,0.0027076264205193354,0.0028852001528891866,0.005494346871543026,0.001973590654597072,0.0007906485489480025,0.001738714604855461,0.002257655745922264,0.0
0.0004669569000861785,0.03163663746747473,0.03163272721184157,0.0007187714726892127,0.004683193949286282,0.03551814963003207,0.014075174004441596,0.033838239512097495,0.003168032211281196,0.00896136333260913,0.10605180111831794,0.11005521040840194,0.0785469703105758,0.01655291262550514,0.005333671947245023,0.018877868908115214,0.007354754196570492,0.009297746244056632,0.011262125988304403,0.0020844975669278474,0.0019401511081596301,0.007427403474819094,0.0038872605590221697,0.012418540673725546,0.012418473961848413,0.003864055058657642,0.0016219922201266333,0.0038246034509974358,0.014685140024242852,0.0020048991126397553,0.0154084064916531,0.002193900140802358,0.010285542244488832,0.0028644148223806606,0.0007730025109362604,0.006316696542988588,0.0021531916051761107,0.0013181015988976415,0.002456094662781661,0.0039059901352988544,0.004014364512636811,0.0007006054447185165,0.0008682909366804687,0.00041789723899976906,0.008076351690386455,0.0044834078346910975,0.004483948358794427,0.004483948352707043,0.004483613736895959,0.00349672610730992,0.0052168633064521835,0.002568201262080022,0.0008710515791471896,0.0034698245879045777,0.003887424613339797,0.0
4.949616543623595e-06,5.197196553122427e-05,5.212219780318421e-05,0.014277174188241384,0.0005928350880187927,0.004753113253437682,0.003791735286384947,0.008475652091234041,0.0009240103038883218,0.003108652378455903,0.008936960418437917,0.009185776639067826,0.005441691088227925,0.10678909995471149,0.002610111393929693,0.007498303389414065,0.003340694081579724,0.0017618059821911173,0.002411611861626824,0.0019274651723568573,0.0007143053127658077,0.002501920464060215,0.0029770151313562054,0.013885096348911271,0.013885030617501381,0.0030833300443614932,0.0012741431233184468,0.003259057469907355,0.006255409230800888,0.0006171825088606689,0.022760232876177944,0.01775190569597878,0.005205592784026361,0.0022402670574657377,0.0016221641751822187,0.0034374368727589795,0.0012924834556317065,0.0007725225520135671,0.0014396494609412403,0.002572515770142414,0.002337828928090122,0.0007839541342618136,0.0005612978923714742,0.00020879688487265236,0.0054302334899840295,0.0024518071351578513,0.0024518944487167287,0.0024518944477334038,0.002451840395569694,0.0022381355108473176,0.004630790851194917,0.0014956646245392862,0.0005193405910132112,0.002390467529124682,0.0029769952771658823,0.0
9.593066012865687e-06,1.5129466002862599e-05,1.5530896174621903e-05,0.03361387995381442,0.00036326507437811775,0.000522102122397793,0.004911406222987319,0.01568954042924507,0.0014758608176170566,0.006561381607337155,0.0069256768457292076,0.005953861973462421,0.00908799836123421,0.03194966243313987,0.258013175076833,0.02402632084490259,0.012867932986491722,0.0254528780772345,0.01739432967169732,0.0038881101040759785,0.0018838739299022096,0.011067188618458429,0.007147959505573435,0.027146853419027422,0.027146727325716526,0.10750879686147448,0.0032721969615347323,0.006129550659694477,0.02655345953175868,0.0009392519524382807,0.04604006424504798,0.03411716577078432,0.00704760594335367,0.002341271130353256,0.0005103852208129581,0.005546278901890765,0.002091995416277837,0.0010722709877140967,0.001989120476310188,0.0037846496918519427,0.0039595160062998866,0.0009737995866848831,0.0029652597991539895,0.0002245094782681914,0.00724246373194029,0.0044379722395873275,0.004438472976292721,0.004438472970653422,0.004438162985552327,0.005166225927454997,0.015035488779446559,0.0023972955312614513,0.0009582706403256209,0.0053182517691949755,0.007147814755653933,0.0
1.028467888588928e-05,1.2559279609605217e-05,1.2892515017246372e-05,0.0008196837577152633,0.0008333105756969879,0.0006570962264427097,0.005103430539908092,0.02144554202211755,0.0025151650907436823,0.005110530580759314,0.019258715885940723,0.018653429290558195,0.01752698045149053,0.013234884732867415,0.23707586540340922,0.1189676585389924,0.02022005883656292,0.03443184239193783,0.02880184412144,0.006300003918577978,0.0045852091504063296,0.012397318757627371,0.007044223900409406,0.0160054271122804,0.016005361957588025,0.00713246725148637,0.0027205839548304802,0.0071143170432981725,0.021754591416364807,0.002385555863182601,0.017006794355382913,0.00436245067043351,0.014992350054937433,0.005712368461309456,0.0003489054798526701,0.010129051937802704,0.005429084401623451,0.0025555706820852547,0.00475346016677007,0.013697150119193206,0.006480326867585061,0.0014803651604565198,0.003886716541823995,0.0011222827531849804,0.012255804077211377,0.008562192395589509,0.008560219349197404,0.00856021937141786,0.008561440801719925,0.010255075494052756,0.007550840567096342,0.0047370199215508325,0.0020427068812566983,0.006043171308555309,0.007044547480394489,0.0
2.8245521712090425e-06,4.52061152856617e-06,4.640556929284613e-06,0.00012160616162538361,0.00043138575707747016,0.0009029679222251563,0.0033286671420196465,0.006067563258000957,0.002085556147924802,0.0011412225128680667,0.008959636843225096,0.008408075169933724,0.010391729100727382,0.004636142348014671,0.020763088110851438,0.02531891480595382,0.11598009548036786,0.037557793205460585,0.005060980633621933,0.0031095590638143844,0.002312209805202075,0.004541713768748646,0.002141826100777508,0.0033208538756689856,0.003320860090124457,0.0013377630750350449,0.0009818289361092334,0.0023117498437605676,0.017373770297704722,0.0011062495697721825,0.005259006073121829,0.0016630760212053596,0.004381702437208967,0.0015224453611371893,7.824771239698507e-05,0.001720487207959,0.0038555658537339026,0.0018736869964141114,0.00344300325181621,0.007130360265559277,0.002428447429134452,0.000790006261183658,0.0005831617216108541,0.002419132805070381,0.0131549336096004,0.006583279044294335,0.006583479930654922,0.0065834799283925405,0.006583355568068795,0.005758910340737197,0.002968165266400868,0.0031894586192038306,0.001232596177399281,0.0018016140449560716,0.002142164084020387,0.0
2.4188277962148906e-06,7.881216592004106e-05,7.885538927663669e-05,0.00023842242963304877,0.0002861971356051647,0.00030727590137061343,0.0031254797301240238,0.008042787881378459,0.000681128331651592,0.0028983075574933836,0.006001694725729837,0.005726010596945633,0.008573596912655326,0.012253753507353294,0.05852016372528304,0.024290614494128906,0.013136625760110751,0.07187997329194398,0.0121793095964267,0.0016419324326832456,0.001870315052959081,0.00634087606855654,0.0009548120967579813,0.002826018619623534,0.0028260105751014356,0.0008941392607606023,0.00043422740236725505,0.0007556115152890284,0.011514172137732596,0.000976875436775717,0.005444033434528394,0.003396546210502496,0.0016577369253374039,0.0006184146239426341,5.1213379815481637e-05,0.0007501449940233041,0.0007012298899781241,0.00043657189885244096,0.0008091256520843451,0.0010587928624815536,0.0009136390803628763,0.0007356325837872569,0.0004467052229312187,0.00020822926878477467,0.0031071899640409853,0.0012792796513228979,0.0012794678488206603,0.0012794678467011793,0.0012793513415204302,0.0014288995751727677,0.0020440749025821335,0.0006851963101656705,0.00028678037511986403,0.0007407229021655381,0.0009549203148941079,0.0
7.036973737049316e-06,8.166265987087281e-06,8.38294154967543e-06,0.0004938348526151429,0.0007763978154491819,0.01783799314796328,0.011726953157659278,0.018207277495981163,0.0035506326184473786,0.005850121219390966,0.01523981008146492,0.013682623860732705,0.047918623749608535,0.02230538611646054,0.11226682744577704,0.09513904018807029,0.030851173312555207,0.1324414598038375,0.1877639014753711,0.04247936788653923,0.013141346854812969,0.03494034378498782,0.004352311218514407,0.008188098038326888,0.008188115538274962,0.003274056174560861,0.001770927400239563,0.014959075077092491,0.03721116280812435,0.0053886928776299,0.017005203220412716,0.0028148064473057185,0.014087146787642927,0.0032184947217055093,0.00019348352218201843,0.009090867473107478,0.004859323367356831,0.0023803511601558384,0.004421644151831434,0.014898775104658861,0.004963571550687866,0.002021964055783302,0.0034570415115875025,0.0007260848852954611,0.012722453475773356,0.006773068029180904,0.0067698928244539405,0.006769892860213109,0.006771858496340208,0.00637836814763568,0.006931243782255453,0.004257989135192769,0.0017149408761010139,0.00415951058561767,0.004353070336190621,0.0
1.0269937615503084e-05,0.0001044907792312267,0.00010480575329942705,0.0004055714401437988,0.0012895197175814184,0.08022003505274172,0.03013893715276709,0.024806715498236705,0.007299813422606666,0.0033379349510212278,0.020139643736547638,0.018257206307868694,0.12126785376477228,0.05574364220351057,0.10239164964329858,0.10366621902426697,0.05750377715252803,0.05143820878413577,0.1449084749643361,0.5475934032795763,0.028465855716891024,0.02747657412887454,0.0060400876912244114,0.009295474417207697,0.009295485503500402,0.004417353687312249,0.0026704204107544562,0.012712487692860397,0.06021473866705103,0.006336972992846487,0.026589681382386317,0.0029017002770651296,0.013357701146931116,0.005639498859105952,0.0002894812551107759,0.006266269503546015,0.005323743854590298,0.0024958208104215646,0.004611183968252499,0.00710163947185288,0.004244189388240697,0.0017850565384947886,0.002821532093795246,0.0006508755201387989,0.041429935166586905,0.0059999999945928245,0.0060001857330958695,0.006000185731004081,0.0060000707480838715,0.007568517712249825,0.006822950433926293,0.0056479555273632005,0.0019350518235859491,0.0049741990222539195,0.006040775315370946,0.0
4.813925377521415e-06,5.6143078661225065e-06,5.76327231540186e-06,0.00045742394277650415,0.0004026829236368647,0.016460203985431524,0.0039498087422688635,0.009495204494310473,0.0030927098606686643,0.002143648362516177,0.007537730378807423,0.006703688227734737,0.02136915632886816,0.006376346184026701,0.051086378125865216,0.04944470439232943,0.082958252674612,0.039967957855755784,0.034723663896407395,0.020171707811470714,0.4466972541158427,0.0062719486364347056,0.0034509838162500774,0.006061661479092567,0.006061675201745736,0.0035010194559030256,0.0012201790818433128,0.007899087797252747,0.018604052613700496,0.0013596726357740733,0.010958871640679635,0.0026894235500646633,0.008688096073604582,0.003926767847449213,0.0001705653466183583,0.003927214843244679,0.0057637662346028875,0.0022787038966672717,0.0042056024040082645,0.013375332943078242,0.003331612216559149,0.0007427464361685024,0.0020068934855514958,0.0006951144031717684,0.02227570686023846,0.006435795673174281,0.006433080745076315,0.00643308077565184,0.00643476147381487,0.008697841232617253,0.004642470684534619,0.004354857864885737,0.0018194113146704385,0.003008264246141659,0.003451434424822237,0.0
0.0008858284587162508,0.003722317137222178,0.0037219630251763324,0.0004721961189314286,0.0008822109209940765,0.05901765557786169,0.08104973493162401,0.023741506575849777,0.0052132743409007,0.0029911540752559276,0.016376230103612915,0.016160649909907236,0.04244301452030557,0.010387710158235813,0.038805804339056366,0.024168131570382587,0.014997084754098897,0.012772771402288137,0.008669661663764703,0.003590631808504771,0.002357812914181606,0.1017735815656051,0.0031411272827429225,0.004983026798300171,0.004983033141845628,0.0031546888692198,0.0010097630791422998,0.004141742474810683,0.01756888541243437,0.010389993070084423,0.012072624341397184,0.0034910486929042614,0.009910734753995693,0.006219211203903824,0.0014231460468706162,0.007098205836546068,0.0038176497324503736,0.002414781135102152,0.004501903682266069,0.0063259161969152445,0.004075459191182327,0.001177749396155904,0.0026200340649604496,0.000734582787551638,0.01340115838621686,0.007901911933824534,0.007903097079123789,0.007903097065776679,0.007902363392008721,0.004316803639010633,0.004550094095021654,0.0040267272930789655,0.0014411409465520263,0.00313019488833508,0.0031417213163402215,0.0
6.921286901942248e-06,6.12213945185851e-05,6.132473722370293e-05,7.359731760111447e-05,0.00019125361432116212,0.0024614700146027286,0.00020996796536858794,0.0005821564201542909,0.0015790721766311103,0.0005096402443546677,0.0005743550228472698,0.0005480880654221446,0.0016268786819559915,0.0005843223432584438,0.00016112288682240694,0.0008315204280566557,0.0011256910701520318,0.0012037448108971594,0.0017531502008361873,0.004011847960541431,0.0004036196268582215,0.001075672870336598,0.0019216859709900282,0.0009916990083323179,0.0009916973011585065,0.005848060457627184,0.0009024391887073773,0.0035426642457810974,0.0009352633483820801,0.0011785631209341113,0.0005579962197875151,0.00020315138881885615,0.0008104487583637834,0.000484813506416399,0.0006226264780649204,0.0008603455114585173,0.0008626013549653912,0.0007559506701050019,0.0010425730318818383,0.0009526018996691609,0.0013328977363875503,0.0004117481438166641,0.0038034874423801676,0.00336045854510769,0.0008108129003314349,0.0011041531561880127,0.0011042056953893833,0.0011042056947976869,0.0011041731699808063,0.0008930030497153512,0.0014563840241661303,0.0027711292966373768,0.0002420959808472419,0.0015495670414956701,0.0019215838438414355,0.0
5.406918268545072e-06,8.370620248571818e-05,8.592717943459417e-05,0.058077056865924154,0.00022342147754067504,0.0003539693468557359,7.187045160962821e-05,0.00038042796541614006,0.0016539468310247663,0.03887023281580137,0.004169782936684144,0.004140601592546892,0.0003980835410735123,0.0011138338881399648,8.464560751055064e-05,0.0009750238499505664,0.001937885000473408,0.0005787104205192752,0.0063722409725385605,0.00045263377142973013,0.0012569155332885305,0.00087847903417331,0.0032788431983932337,0.01149684645920558,0.011496921834801709,0.0064735197448600994,0.018092123521716443,0.003383200632881555,0.006689000200571861,0.00394293952794325,0.03382620817141401,0.008568136505098174,0.008139972243487682,0.01843680904034994,0.030555713436251845,0.01037416153151786,0.0038018938842408253,0.0012820125563804267,0.0023710002292552136,0.006404716944601971,0.015155486728092351,0.0005396289827794864,0.0033465159091825244,0.0029522292400310924,0.00532943014903871,0.008357715653769904,0.008358930807995876,0.008358930794310805,0.008358178543274433,0.00597399884926039,0.007976837123663105,0.006084135796254499,0.0014660090370635607,0.0034224564106820634,0.0032793406870584105,0.0
1.8472996087000183e-07,2.8598626318655385e-06,2.935743376585849e-06,0.001984230556008379,7.6333021424999e-06,1.2093532830751573e-05,2.4554885156657916e-06,1.2997504248217254e-05,5.6507888264877335e-05,0.001328020182743216,0.00014246263776747213,0.00014146564312230258,1.3600715474711595e-05,3.8054670026877377e-05,2.8919578559579673e-06,3.331215836875479e-05,6.62087722669323e-05,1.9771919608904106e-05,0.00021771067492537216,1.546445030824466e-05,4.294312318942582e-05,3.001365834435305e-05,0.0001120232534791099,0.00039279528394072725,0.00039279785918419017,0.00022117091284995144,0.000618126094057133,0.00011558867537602876,0.00022853290616571033,0.00013471242370115166,0.0011556886569264338,0.0002927345010046785,0.00027810606325791694,0.0006299024404354474,0.0010439506327053606,0.0003544382138944476,0.00012989353150638495,4.38005750434127e-05,8.100636218622553e-05,0.00021882023211683,0.0005177944868398557,1.843668350844104e-05,0.00011433532416247839,0.00010086433064152271,0.00018208254203114615,0.0002855453715040095,0.00028558688783206655,0.0002855868873645095,0.00028556118634636725,0.0002041045414134337,0.00027253247349662274,0.0002078674231323833,5.008690322309862e-05,0.00011692986788844323,0.00011204025041841744,0.0
9.02112030788915e-06,6.015329856559798e-07,6.174934623644802e-07,0.0002097817818676733,0.0001423241656223707,0.002593556690905691,0.0006646786622769298,0.0024643230013105142,0.0011366989273602845,0.003746827001485778,0.003117307429069004,0.0030743876365487153,0.002434764763145649,0.0011268666852653655,0.003475001933069281,0.007401689248997948,0.004219898210939432,0.006784693796399881,0.01871740172670751,0.006182993856449078,0.0015062103984992434,0.005880949109178091,0.006822544576299224,0.0015942177256180908,0.001594214241988726,0.08137589144513525,0.00013126476591859514,0.0054505294362719075,0.003443956184243045,0.0010274619445659354,0.002590280248765936,0.0013697039263216558,0.00668776137429839,0.001966685952307775,0.002964248405978684,0.0055931704439009374,0.0009170340804944127,0.0008441600884393741,0.001575124650354745,0.0019020818450928045,0.0013838351087145614,0.002364530772517434,0.0002861624838729326,0.002404457550347489,0.0027768573950333825,0.0018605024847917916,0.0018603046044079095,0.0018603046066364387,0.0018604271060860336,0.004976923247204351,0.007036665461633004,0.0013191861069749536,0.0007065141932134099,0.00498162582654948,0.006822133254857349,0.0
0.004096211984636406,3.901824423030039e-06,4.005351543419829e-06,0.017297321124748955,0.001287402849164692,0.020763632842146416,0.2653794364860189,0.022117217775136803,0.008189216802741638,0.09088119383031801,0.020502598985232226,0.018784295328337017,0.08127756468243706,0.3701643385057247,0.01666505728581068,0.15751239298955927,0.02704427887444842,0.23875457368559516,0.11607390009603184,0.02747355597263222,0.01330447566987195,0.08463187697095981,0.023765127814594462,0.009203521685892026,0.009203636916347523,0.02446457019093184,0.0006353180886362861,0.039269128643116394,0.06585653462532867,0.5177323718000545,0.05778176379348793,0.061115315541971006,0.017374503645938812,0.00060605005653103,0.0005075287525088694,0.012027553239781014,0.009781712652347287,0.008318016407904867,0.015096801203792353,0.010936470503267614,0.013808814453535326,0.00023628441152241637,0.007547487291615138,0.006570808000507297,0.012832883254984466,0.028059814390527637,0.028059182783620018,0.028059182790733175,0.02805957379208979,0.022391275117159267,0.01235225575220229,0.010834796028905106,0.016604106157323804,0.018156021330428998,0.02377533570499047,0.0
0.001164807384809316,0.00020620833587787135,0.00020673876065169672,0.00030959905479073865,0.0007281368454158819,0.017069137064813722,0.001930454926814617,0.003330249163758709,0.009341493441973,0.002880388956923748,0.0029376493785282704,0.0026116902621095223,0.01254868322190241,0.003849239444824245,0.0006135463211560673,0.004034182684465062,0.007062330415951214,0.004924634965857955,0.009593370192969013,0.04197702420321715,0.0036231221524320647,0.00659081830939109,0.013481441278976025,0.007829494921052928,0.007829487816464451,0.024533200740379586,0.004461155321652478,0.03351035992784859,0.007949053068550736,0.019044536274143285,0.007685031797227614,0.001974848232974792,0.005333604823773282,0.018935435011281605,0.01144303999682444,0.006109852124123425,0.006796564732456065,0.007523891066902678,0.009976612869775974,0.009764000329223397,0.010226878035728035,0.006047972948478801,0.013480263377006821,0.02389007840838986,0.006039793978206041,0.014350088499987038,0.014352444222862708,0.014352444196332553,0.014350985867063093,0.006858174262239697,0.011702208181810284,0.015373088466296656,0.0022730643212885465,0.010822045840530507,0.013481123237528302,0.0
0.004603388952605692,2.9875834368294597e-05,3.0668529980925463e-05,0.00046534154080086083,0.004188279602597512,0.023256216548020195,0.025174622357490285,0.024683414927363093,0.07930201536057366,0.008734644140931525,0.010088425655440837,0.00822193940904317,0.035607541336740975,0.0035857426076905423,0.004161576890351874,0.00582378839013874,0.033575553069680325,0.006168364847772759,0.01388731036877313,0.015460081196203786,0.010426094570564837,0.019221433327776507,0.08380087771827102,0.01961373768533371,0.019613769880589778,0.014957287933723914,0.006253349377219557,0.06686489632458256,0.059434516028135674,0.015390563060483689,0.023003350965639036,0.011641001190975624,0.06276980945050697,0.1930623144202575,0.18499584939580574,0.03591722419823247,0.032448148492727376,0.02815344787323112,0.05209607862226171,0.03513234085652629,0.04373329921948774,0.03845036874831256,0.009313885625781806,0.0528776028154778,0.09640660841530557,0.07074002968088519,0.07075748151936628,0.07075748132282363,0.07074667762128231,0.05661476938800021,0.06705115684451991,0.04967782439600292,0.011194482538061558,0.062295584566623784,0.0837960495424641,0.0
0.004399186562655672,0.00607002509555632,0.006070525723460746,0.00042123359816395,0.012385227828198076,0.07416063557831565,0.016072259345178856,0.024199913916789065,0.08096101285859733,0.006169208042672638,0.0071515970645504075,0.005644033599453276,0.02914999386086928,0.007706149613668057,0.0045528295727875045,0.005659380942475968,0.017668958856174918,0.012474710190778948,0.009340295952395545,0.019820711879742277,0.009194721755011695,0.017309701041639255,0.047403011908332,0.03831095144807786,0.038310867429534705,0.019721320359672417,0.010253637067788264,0.04854337319971364,0.03304034599820167,0.029206929141927823,0.05065263245670223,0.01049025708270097,0.01744828487444092,0.2161346515547537,0.083041961942099,0.019959075633058314,0.02714247620006372,0.021799432251608065,0.038379386353879635,0.03636722322237994,0.04005624721762869,0.01689107410870281,0.008322597165633123,0.10775357979312648,0.06376870100956875,0.06454009818482659,0.06455463875546129,0.06455463859170535,0.06454563713403383,0.03360261610022279,0.05867372814571588,0.16276618103628107,0.008719101644154731,0.03803526756221441,0.047401618750374616,0.0
1.4530714533928934e-05,4.250833098635612e-05,4.363620467375696e-05,0.00521634359929502,0.00034968445225202626,0.0008270673549594186,0.016307495470234176,0.004058080660062306,0.005645612475586482,0.15209630821468917,0.0027370827893883087,0.0022955894239219715,0.013348724712796094,0.0012588513670376267,0.004645400080863449,0.015290545806314495,0.004059650239952842,0.0057053939166337424,0.008358284365459625,0.038099795038009074,0.01465877184443479,0.002500526013521874,0.009073744756643257,0.006837419725405315,0.006837529582972945,0.018059495156647256,0.00919019792335544,0.02787995497805888,0.033029545891458366,0.022182914132137604,0.03515721473742095,0.01460347712407877,0.028440761038064116,0.10416993779810459,0.15590858877362868,0.0032305249947226122,0.003915068056895798,0.0036728615924693044,0.006838983197610719,0.006147140014745104,0.016596476223170845,0.019852549841483574,0.010687116000178501,0.005702138586314783,0.007705621961884632,0.008646439452235779,0.00864660850842862,0.00864660850652471,0.008646503850923344,0.021397961512947445,0.034589030034515134,0.003975207831776015,0.003061497436558368,0.008116666625404735,0.009074005836480986,0.0
7.953201857778454e-07,9.114136146302767e-07,9.355961550976998e-07,0.00048771791222879915,0.00016939910315310637,0.0018594036354931361,0.00011084158083932181,0.0002826859473110766,0.0006697826759759752,0.020830493321732653,0.00028144327959653915,0.0002071587313035022,0.000161682330581373,8.074720749759851e-05,0.0001397742775953437,0.003958764785975463,0.0005645596065283406,0.0005355269692049749,0.0004620935799321817,0.0002378303291958355,0.002761762556089225,0.0004152028479183075,0.0007086669746360645,0.005357981606868045,0.005357935913402806,0.027906044455012317,0.00019819154573403298,0.0008119780941136385,0.005107768659963845,0.003861807026383476,0.002094616139926831,0.0019539034236620476,0.002809214041212356,0.01989501899825961,0.033628733966929766,0.00010064172452557684,0.0007653304895313692,0.0012394936710057685,0.0023248597753477455,0.0004576626069386678,0.0010008066147750192,0.0025404111161394234,0.0019299091153841801,0.002626033548119359,0.0016538195721328486,0.0028076877248804,0.0028087216502565844,0.0028087216386125137,0.0028080815787590845,0.0036062860801050565,0.006969933141559409,0.000881874500691485,0.0005573000262175756,0.0005597219657471775,0.0007088000729893619,0.0
7.279616720393372e-07,1.2759790604823697e-07,1.3098346171367823e-07,0.00196439913983215,0.0002778589149474366,0.00011586708313446206,3.326804723654773e-05,0.00018494984057585768,0.0005684213427788464,0.08589214525945103,0.00031980347810056783,0.00023118792313697173,6.662418109300251e-05,5.294578231653401e-05,2.5543062812731642e-05,0.0006595177057303796,0.0006558803898044922,0.00015847273716542074,0.00027625430198696514,9.830171885596405e-05,0.006619164844695611,0.0003268505075080456,0.0005843896696139302,0.0006010402141240689,0.0006010523153211272,1.8104988028792162e-05,2.907648456119151e-05,0.001369300702772045,0.00580205453985031,0.0026363119976133232,0.004364372939569113,0.00605227675179884,6.839581215102747e-05,0.046371908979851884,0.09078305286579864,0.007461650965506173,0.0012033857344744788,0.0012457068822630136,0.002112527910217644,0.0033663416639567174,0.004418253097003055,0.0006623003034479339,0.0010362556090159536,0.002224025725878609,0.0026168513830756423,0.0019344912662481184,0.0019328733698971833,0.0019328733881179372,0.0019338749599190545,0.01853118783413641,0.003835284951331883,0.0021443723912387643,0.0019576935614624494,0.0009690090168590992,0.0005849266498746339,0.0
0.0001637483065834623,4.5203787478111034e-05,4.580199373974377e-05,0.0006559344107223182,0.0001470075467238784,0.0005517884795439874,0.0015379500941732297,0.007799771332203006,0.001666427351415686,0.013389887218812643,0.001484649021542713,0.0013046330459406876,0.009922759570447508,0.0008914099828321467,0.00034136351524597524,0.0031898637923610637,0.0013691927263209008,0.003981150879237469,0.00781778558807027,0.004746921901869954,0.005429336396033559,0.002551107835185178,0.011409508398529021,0.010070720166081718,0.010070667929622728,0.01880331703893476,0.004889501037974465,0.010420481372502148,0.005667437750732792,0.0039911858532255704,0.005766234869456276,0.00445776062894485,0.011628851073959449,0.07753477839604317,0.08330694772609032,0.0017839251023724825,0.0017172953369758795,0.002231605175580468,0.004152514283894923,0.00197519800668382,0.0027303737748779625,0.0034933600298302455,0.0006836957645381956,0.013074339535662154,0.003294253559654591,0.003729873597849307,0.003730406259476969,0.0037304062534781325,0.0037300765049961015,0.0074943740199085425,0.018336741152086198,0.0015524062706186552,0.0010120650784624264,0.007702981232774114,0.011408572248416841,0.0
0.0001592023885006694,4.2791017595320665e-05,4.32988377269969e-05,0.0005964263810902353,0.00011740353608500465,0.00043369566342392994,0.0007659661529617494,0.005961503436626413,0.0009515644288535121,0.01158737359288569,0.0009636475383475913,0.000856227817880022,0.008094899735806755,0.0004390744639548903,0.000323020417801179,0.002063426736079188,0.000503406635841389,0.0006650194501364365,0.0036985055114705932,0.00216268346369397,0.005040161626865146,0.0011842775183854375,0.0024266730648219896,0.0026444527838631227,0.0026444661119365393,0.015815241262131238,0.00415270846421368,0.003258593420324411,0.004303979066220723,0.0031117924044849923,0.004442649483226115,0.003561307632591169,0.010305044038633143,0.048580317371179,0.07652373281464277,0.0008229580048417537,0.0005678278700052778,0.000712227313003513,0.0013004767814358805,0.0006430829762752763,0.001246254306237618,0.0021673778485798694,0.0003658464923301357,0.0024133039462761138,0.001703757172990552,0.0009692278692900422,0.000969182707273986,0.0009691827077826007,0.0009692106656933394,0.003691058382448712,0.013344434122883561,0.00054590467639953,0.0004753743401791034,0.0017828127304363086,0.0024265800071718354,0.0
0.005771522309702353,0.09661432934254395,0.0966027680737,0.00099671535445359,0.21392048620639278,0.018278952568232996,0.039123388927885076,0.035733023842372896,0.028380397648877374,0.008438968376152857,0.007825162301709756,0.006563394603657133,0.037661060699619345,0.04238572982688467,0.0019194097318745774,0.023671212625328987,0.010515505877106555,0.023498782817689103,0.012104399699953491,0.005281666541875727,0.005839223494902196,0.02271597461413795,0.03795027948965038,0.03357377578502197,0.03357359218660428,0.024359936555795488,0.007811271856124337,0.030691920490064722,0.033666648520642786,0.05499806790345682,0.020295839824587023,0.01005184492245486,0.020638424336521296,0.00905717054247381,0.003596788843351038,0.03913214091962941,0.013645673011941832,0.015449420927853437,0.017199361565259096,0.015621634376574572,0.014282374890951207,0.013339934533261927,0.008744563073803295,0.044784935681344236,0.06557540821386319,0.029327640312773275,0.02933417076138795,0.02933417068784202,0.02933012796089149,0.02184019470679496,0.039689085682641026,0.017155640213768836,0.006303259383337,0.03635001819874409,0.03794995197316403,0.0
1.006096002573361e-05,9.486005076077647e-07,9.737697280302081e-07,6.871858087321703e-05,0.0002842600118898322,0.0006244508585784072,0.001075574236343815,0.008681142895853856,0.07699215416071961,0.00045106902760013037,0.001583238122615019,0.0013368253992996455,0.002203211301595065,0.0002602346981351611,0.00014470811077766548,0.002340727196552499,0.009245831365898825,0.0006328796373245736,0.0014877792619579684,0.0014286747417000386,0.0015307929729773775,0.001409871373285608,0.004206732531214078,0.0010393085004621982,0.0010393691974644236,0.00048808761178598467,0.00021213953497230866,0.004153013917692248,0.01935302774808776,0.0016514359935326085,0.004895213616857012,0.0005811399672323321,0.013101504809585508,0.008457369627113043,0.011603569503814826,0.008050191945824835,0.3599338266852765,0.0032747868655338907,0.005111424186446485,0.02375686896735507,0.006080332171503422,0.001552760073197321,0.0019814220028693285,0.003325432128086748,0.006968213051676554,0.009634106547416315,0.009628760379515457,0.009628760439724014,0.009632070028135195,0.00960476217794719,0.006180208477508615,0.004582965776641348,0.002009343325432146,0.00435841008926839,0.004207329183339675,0.0
7.352692535776143e-05,9.933892720046552e-06,1.019746872861766e-05,0.00014630838623583904,0.0001547612272256088,0.006911945773271421,0.002984933705519157,0.001854418903697265,0.009424532995767869,0.0004422640343844342,0.002115605398139832,0.0017924967408096807,0.003625985731385273,0.002890518148033319,0.0003914252441556289,0.006724782453708353,0.027257102081638503,0.007250646981795722,0.0023236115692754906,0.0011844177920080391,0.0017800486928852759,0.0015917379349593957,0.007525522912155475,0.002956920016398332,0.0029569282208843656,0.000805923930596042,0.002153280420763286,0.013259473313672693,0.004790456015494185,0.0020000585214880614,0.0024886931096268715,0.0006800411912352898,0.007118510404494981,0.0032484091877798154,0.004251675121854724,0.006490641000255018,0.0052506961084901205,0.20512700974561654,0.07059712593712848,0.006956553645781202,0.004584440210482045,0.0019267824096614943,0.0010026216507315398,0.006431929212092702,0.005463366444061909,0.013808498955279094,0.01381177200059756,0.013811771963736513,0.013809745758601147,0.00871462063332644,0.00616014759345769,0.0071100776397301155,0.0017540924680460087,0.03882169828984476,0.00752534184366432,0.0
0.0001532440442722489,3.523576602102998e-05,3.6170676718024595e-05,0.0004270919245164915,0.00037100730423865697,0.021155391354571968,0.006671228175576576,0.0034620439968044,0.011202520834320287,0.0012471881792888186,0.006691332019756377,0.0057101235802446354,0.012447268578220752,0.010782368504063078,0.0012086943250283425,0.025281218495305874,0.09645347094843179,0.027295514482790474,0.007492116806437676,0.0037181868984654744,0.0050244389452883745,0.004992983747949158,0.025585414165405704,0.00935095325373033,0.009350955959135529,0.0017181520726499697,0.00763125316960831,0.03353445279670532,0.0157033716579241,0.00415531215826572,0.00705079401468565,0.0016526692806214298,0.01330137008423661,0.0016022618204178031,0.0008953145911113181,0.013038156860112055,0.012915884191860672,0.3787855104515032,0.25536869867039313,0.014956961153026312,0.008904076411178834,0.0012890079525240156,0.0015465873480498536,0.018076287788119504,0.013603183291003138,0.037308174681962764,0.03731942149139174,0.03731942136473015,0.03731245893653126,0.02147854021345608,0.013427123811600238,0.020815644053942328,0.0043839658956437745,0.08113600325979078,0.025584139693495392,0.0
3.514873687106997e-05,4.284374337154578e-06,4.398051655687813e-06,0.00028914665522286685,0.0003008374164406294,0.0014082139394066538,0.031194317079188145,0.0046145331551409605,0.03489708988354508,0.0016197483196928807,0.004248608596165004,0.0034601401473382336,0.005576656637260609,0.01880640714987417,0.0021464020726094163,0.012083101332022403,0.03585909745704309,0.015406309331947105,0.00877335202351252,0.0017016406301511655,0.005491832474489463,0.014486392729070631,0.018885973678715105,0.005622643934901802,0.005622771576215753,0.001898792840026544,0.0009505788984308292,0.015804020886930246,0.008765154565154504,0.007448328870876768,0.010009953184238382,0.0017207432442709657,0.04808527012850298,0.01506034850954649,0.020915226744895436,0.04844063231769048,0.028237979565826216,0.0155562728544943,0.028875666157554086,0.04900096629699504,0.01741436479206914,0.003958400523267877,0.0032797919869421437,0.02043293274417953,0.020390199414837714,0.03982120766903694,0.03981733654283905,0.0398173365864357,0.03981973303836919,0.04478106628342582,0.017717689965220933,0.02361702715262014,0.008242516753204669,0.01934503768329258,0.018887765192893452,0.0
5.467590524214354e-05,4.022979694978043e-05,4.1297214286012696e-05,0.00020900413280665724,9.922475781247881e-05,0.0013030755072648596,0.0006492353350435061,0.003874780009049099,0.00758373184168433,0.003331018126870574,0.0015153462270480025,0.0011361120741839455,0.0004785109232291477,0.00045583496446017856,4.8494715106960416e-05,0.00035374196965439695,0.011656734461129636,0.0009170972471444237,0.0009602214995782285,0.0013964377266912807,0.0025022473560418253,0.002379962506748722,0.0355228563362402,0.0033955218388509443,0.003395601157325239,0.00010704912093886951,0.008704631940403062,0.03235352437591342,0.0029312808714518634,0.007238055114412822,0.005635252255592556,0.0003648442528898079,0.043212532066234696,0.0014740373223149968,0.0028124622921804738,0.06537048147695917,0.009264761304390494,0.006710556970749163,0.012474633820131469,0.01392208567957068,0.15549304116591364,0.016483719471576515,0.1443996065813036,0.004129808289318955,0.01721718568902439,0.020571877892676664,0.02057560015543591,0.020575600113515776,0.02057329581669611,0.012909378573707544,0.021739372095314905,0.014116674755226502,0.0038537525639789883,0.030948108834962604,0.03552209589199603,0.0
1.4337876716026662e-05,1.7316858677975253e-06,1.7776326946856384e-06,3.8308132823338665e-05,0.00010724448110730588,0.0005188648773926575,0.0005161891433762323,0.0033480327902661706,0.05697279683961626,0.00020943576247034083,0.0015687463722579488,0.0011719882123103148,0.0056714361526558265,0.0004804734528949896,8.284797730172783e-05,0.0005352185994413206,0.005281874471382127,0.0011113073750756842,0.0011143750993868385,0.0009636540957699538,0.002480273076326817,0.001767937495959112,0.007231369404728091,0.0015004348632882054,0.0015004838572700034,0.005595850098144953,0.0003858575573162789,0.00865980132797058,0.0019084446402385577,0.00414259087166216,0.005168910808290237,0.000385655532448855,0.02030538519637613,0.005093297011543433,0.007609592028818723,0.037427096798113,0.00963736289738764,0.006104491389508825,0.011409030043099434,0.014932902623267165,0.05660132665585003,0.532359521427017,0.329988193123337,0.009440609657568584,0.018219537411921127,0.01981787583975007,0.019819534221261415,0.019819534202584713,0.01981850756811812,0.016322953778356818,0.02977487407428057,0.01073430981158215,0.00362429217918556,0.009241370316095595,0.007232808198703704,0.0
1.6963268045429453e-05,6.398123574704543e-06,6.567885008785888e-06,0.00010919113256763815,0.00018078413535975227,0.0008040661535087132,7.050593081006556e-05,0.0014075585803000053,0.04028971161888627,0.0006770414997368548,0.0018302072232568851,0.001341757697767691,0.0007533835610507415,0.0002807850340950236,6.533613909175793e-05,0.00026295049535486956,0.010459662804521985,0.0009196697034368538,0.0014920906679968555,0.001378714830194196,0.004317499270401538,0.002132500950967298,0.010731409551045313,0.0032069733682469842,0.0032071944170043833,0.00198708131605311,0.0014067700743283324,0.010843974909495905,0.002822589006978164,0.003908667938624363,0.0037900330562229798,0.0009709547196632822,0.025770287165083436,0.014866867407139014,0.022032817212056608,0.016472107969437995,0.021576056378850857,0.01207081493561588,0.02248539283992636,0.06681029953673279,0.06174078541032032,0.025066710540133354,0.11978241852703278,0.020761431714644386,0.026563355993659003,0.027148543249528,0.02713098233334192,0.027130982531113013,0.027141853758088464,0.03030782610569815,0.037079247526293456,0.013809943268724395,0.006439069603205051,0.010564639715719018,0.010732874969926415,0.0
0.0001853216281312212,0.002286069646953976,0.0023467259404977687,0.010645842028040049,0.0005887385602527075,0.00197882992702214,0.04195273860469054,0.002933309851745082,0.005905939409532485,0.005487815307464692,0.011593049105061206,0.01156981200792546,0.005193146455960641,0.007151513047958754,0.006815884995868852,0.005833966198043922,0.005722126819588911,0.006853891382253468,0.011045903665373235,0.00203379110713776,0.004240941909275975,0.03370921192918303,0.060118618231784826,0.26279617505502256,0.26279558436917727,0.0974424629266539,0.49398655168863936,0.05370064628264053,0.009054588590810545,0.05489080973862966,0.011476367661822745,0.0058567181167187505,0.02774294248283273,0.0008340299871871923,0.00037303429460692187,0.06358293863136197,0.010470889110402995,0.025595790886049262,0.047588280840025886,0.019736368601091986,0.126867383391406,0.04000843444996532,0.011800204300464476,0.17034462668010025,0.015727293446723294,0.02190425603573989,0.021894032524039726,0.021894032639176948,0.021900361586653323,0.16527051289722736,0.07938072676880636,0.015492080792126287,0.02032477712448805,0.048538470127587455,0.060118923425541294,0.0
0.0005936424649158899,0.0007498766914747364,0.0007503127105416862,0.0008415572624028634,0.001769672996181363,0.0029279527865691255,0.002088039154559701,0.011706990927530745,0.05574062434813211,0.005476832708791046,0.01728039259676065,0.0160192841799909,0.0074122237646676945,0.008785769243478146,0.002266584779519628,0.006652224450878612,0.048164303371215245,0.017155613964931798,0.008994865201919647,0.007504068593588387,0.015928418359428164,0.011421011919990828,0.055264799348822044,0.02194156599839171,0.02194173933836911,0.012320798622067463,0.004358568210903108,0.048138075341534456,0.012411885377239622,0.011311462569956235,0.01077240193496261,0.03131891602958082,0.0407408979864641,0.01090921168284576,0.01610391963006598,0.07353876167284278,0.06843067530870092,0.03389325936382955,0.057009791666609334,0.1118467371146246,0.05895352774228137,0.017583068518470895,0.030144804075028675,0.048254044874012324,0.0521511965910456,0.09990444277819398,0.0999037607272582,0.09990376073493948,0.09990418296407912,0.05867701371272423,0.03881103296987581,0.04206315360512728,0.015496332680943366,0.06445088914060292,0.055265745220254923,0.0
0.000801033665409862,0.0010621533640468432,0.0010621364010720714,0.0007244990627187781,0.0016243385178439454,0.0025112331722588334,0.003396968673440235,0.010578570528182231,0.036590968975394864,0.0019904379840870656,0.011781139388420408,0.011285868404866901,0.009919212596418531,0.014066108875345726,0.003677359302421572,0.006142592863511925,0.018738881014372426,0.017820785688028664,0.007118616973673959,0.005374442629741863,0.009839141976677866,0.0120170315641859,0.01846755226060034,0.004445433965423802,0.004445495686929933,0.005440572486107283,0.0009627033942774268,0.01643851480444794,0.007604412143356542,0.005907612521998051,0.009452859749251252,0.05100098106982386,0.02832900123554655,0.010937922945597912,0.016671677681434557,0.03388782549269753,0.027333004583299934,0.013100806099488995,0.01768429478680079,0.022467859992689045,0.015594375374358106,0.006420362495097419,0.004747237223711382,0.019169585185283975,0.02150588161878273,0.0461539215194782,0.04616653035220376,0.04616653021020306,0.04615872461048363,0.022101051201592333,0.017217531562952693,0.01820998455411524,0.006832737477770999,0.019603629651500122,0.018468267347754582,0.0
0.00043159058645753014,0.0005722798093164531,0.0005722706698001682,0.00039035434947261164,0.000875180711865737,0.0013530325182927695,0.0018302597821500742,0.005699649908976598,0.01971492390530123,0.0010724322009861233,0.006347584474099021,0.0060807363958252005,0.005344393084271597,0.0075787079130809135,0.0019813320294536016,0.0033095803220411207,0.010096360484940111,0.009601698003909583,0.0038354543723982735,0.0028957070677744856,0.0053012516693421614,0.0064746813076974954,0.009950170704135623,0.002395164566789831,0.002395197821847862,0.002931337309952261,0.0005186969542762665,0.008856941413707442,0.004097196957304819,0.0031829747775062697,0.005093125868552167,0.02747892414555648,0.0152634412072428,0.00589326614169512,0.008982567722768106,0.018258491633657243,0.014726806109599422,0.007058610432623685,0.00952815778874657,0.01210550478640464,0.008402125783083495,0.003459240396733158,0.002557773768954241,0.010328420476598902,0.011587198467354674,0.02486736689863618,0.024874160437716453,0.0248741603612076,0.024869954765979793,0.01190787111867832,0.009276669465325944,0.009811395266479644,0.003681424767125929,0.01056228019287814,0.009950555987423445,0.0
0.0004345747010235496,0.0005762366808711301,0.0005762274781621704,0.00039305334740426587,0.0008812319085139637,0.0013623876900060272,0.001842914610700307,0.005739058572761862,0.01985123733158948,0.0010798472388772388,0.006391473103468055,0.006122779977451589,0.005381345422320053,0.007631108807318814,0.0019950314055631312,0.0033324635061426954,0.010166168996368012,0.009668086307480258,0.003861973568180372,0.0029157286389370957,0.005337905717926646,0.006519448713213037,0.01001896842647778,0.002411725274312295,0.00241175875930329,0.0029516052366379292,0.0005222833418972536,0.008918180302395825,0.00412552590029799,0.0032049825823446286,0.005128340888452546,0.027668919618985027,0.015368976079094319,0.005934013511741367,0.009044675220064986,0.018384734959038272,0.01482863056546468,0.007107415255686997,0.009594037618698635,0.012189204974257756,0.008460219974017141,0.0034831583643143873,0.0025754587931415573,0.010399833503099719,0.01166731496852678,0.025039305476791607,0.025046145987931888,0.025046145910894026,0.025041911237233167,0.011990204822819548,0.009340810448341461,0.009879233464175274,0.003706878967509345,0.010635310178153437,0.010019356373701072,0.0
0.00014184060318075983,0.00018807758067170805,0.00018807457700447509,0.00012828847088136559,0.0002876248091556053,0.0004446689861636126,0.0006015079096337023,0.0018731682441084866,0.006479234687075086,0.0003524507601217343,0.0020861094722593723,0.001998410867221077,0.0017564144411262772,0.002490713503613394,0.0006511572285803611,0.001087680973319096,0.0033181304366915686,0.0031555614954730917,0.0012605074779748174,0.0009516631039132721,0.0017422361793483989,0.0021278793627658842,0.003270085721772347,0.0007871617165220162,0.0007871726456702364,0.0009633728473612317,0.00017046777935182883,0.0029108000773796676,0.0013465281820544902,0.0010460725430930145,0.0016738364272503848,0.00903084380860938,0.005016271845082108,0.0019367994818975055,0.0029520866855950916,0.006000583765613816,0.004839908763202905,0.002319785446663973,0.0031313927837261996,0.003978428062587444,0.00276132665185099,0.001136866187113107,0.0008406026117626993,0.003394396069501526,0.003808088664015596,0.00817256546156598,0.008174798132321815,0.008174798107177472,0.008173415954316487,0.003913476510077421,0.003048742103646065,0.003224477702502595,0.0012098862345903223,0.0034712531749564743,0.003270212343658122,0.0
0.0025776489772758393,2.9158326800992755e-05,2.9522404762192567e-05,0.0017224420572876493,0.0008886295119122361,0.019736313771511294,0.02798133080640671,0.02249678985198253,0.044972721498313335,0.019421189623873618,0.014428714518199954,0.013518634316930555,0.019977973637761326,0.013292498158369519,0.005120637783015665,0.014100729285823682,0.024431920755511094,0.025678540169998692,0.031249993337754738,0.020236978753123542,0.009839115734626125,0.021909447839576022,0.08337333999852392,0.011304576104951454,0.011304773644604684,0.021414993778149,0.0028858343686020377,0.07344249989438778,0.02725622648105967,0.017836774505197474,0.016919293046945328,0.006539810857048023,0.07514549004656754,0.02331129511956383,0.029452943798962412,0.07824180493599968,0.03988739839355064,0.023999805145286084,0.044336826369309634,0.07917827402717793,0.06294661203109073,0.024735666914330864,0.014323377749426996,0.030076523107278864,0.04804906717217187,0.05348426085261836,0.05347286781209853,0.05347286794040699,0.05347992089414352,0.06182830249173542,0.03581043492735121,0.03455077491092061,0.012866091113465967,0.06756321679336352,0.08337019069133432,0.0
0.002087364230372458,0.028445463489093867,0.02847688874976501,0.03238208192886763,0.09710248841103628,0.0925159338674676,0.03961394988976555,0.06150538769865274,0.13605342652736932,0.24815164608615567,0.04838619710480411,0.04736010716417206,0.05268878280402636,0.03330959205638021,0.005448540726535287,0.048068948676396585,0.10567932625089728,0.04771238526171457,0.038566191009488604,0.05113302386107709,0.2999818470101526,0.06376967741424089,0.11206132698122859,0.10744460219697669,0.10744561344635199,0.18354368246290084,0.2846199302922517,0.08746806631133867,0.06747033459145327,0.02465083726231599,0.10501134251024027,0.32275485828477685,0.17205644884585738,0.028113838567144816,0.017871968931055103,0.11901898654692496,0.1302964972452598,0.0629590776110208,0.10097544987893393,0.20461396870268014,0.07439324089407291,0.011777142034937396,0.10877259139483132,0.07463142099734037,0.03720413892340233,0.1031451027703827,0.10310149225041515,0.10310149274155694,0.10312849018611284,0.07844413507631762,0.11376601895144689,0.25808512323175564,0.45681000469252553,0.09609422602709425,0.11206059677355097,0.0
0.0007907943708723416,0.0013923392347286918,0.0013924199744046735,0.0003424438843535573,0.029144433601814842,0.0015844065645237648,0.001243053318825167,0.003254648269008959,0.013476290726566035,0.002966518824918736,0.002550304315569705,0.0023324429977547643,0.0055867230797516055,0.001863003747548539,0.0004886986715301472,0.0015003436530181752,0.004174935390149774,0.007359029816551886,0.014451585723444026,0.004339903533198559,0.0017420381389123762,0.005209040228992122,0.014283145584963387,0.04632683940993464,0.04632640887961654,0.010449700758760033,0.002084555031630409,0.011418166713644987,0.006096440741843435,0.007005613845153781,0.004981282164275102,0.007158093576475982,0.01793597259292621,0.0020490450706093107,0.00288818529933241,0.013852277296856761,0.007983678802964167,0.008810161982582618,0.008797078322002442,0.008451693003782788,0.0072359399026106636,0.00219185947003222,0.0023181965951458547,0.04181430293458943,0.004803004706423346,0.008115007444074385,0.008114651677380466,0.008114651681387116,0.008114871921631926,0.00844875326931139,0.018056940694027634,0.050418413627209974,0.0017520233350660829,0.013617436765916703,0.014282660643704684,0.0
0.0005493719047835066,0.007464119629122728,0.0074643379900322685,0.0013499891657201785,0.05870162252636797,0.052099198819186995,0.014267096979740164,0.043459674717094325,0.07457582595198797,0.024438456447410013,0.07678794106858271,0.07782683115525502,0.06172658045372335,0.03551920998888834,0.002029069014947548,0.010083012456605459,0.03293327729742445,0.012047639824605397,0.011731943478747613,0.008528832519273223,0.010366157480291129,0.3544343637349409,0.14948287643116812,0.050992699370607714,0.05099247454836245,0.04787777463781905,0.009657995132047724,0.11117554109241501,0.05381379195830057,0.02607593566626481,0.02782943740925084,0.014255654378540686,0.053073235438075565,0.02593327289174275,0.03402292317921002,0.115805602792731,0.046285544812687415,0.04339563947934913,0.05806356818016691,0.053244867146980054,0.04691238630503116,0.14915267040583705,0.0649791689338778,0.15667355791649898,0.07726623559338265,0.07229841510298374,0.072306027052009,0.07230602696628323,0.07230131472777004,0.09005656607231256,0.07337513236666955,0.0416389865835403,0.35988454904468953,0.10618507718110382,0.14947439979346802,0.0
0.0010451224817311347,0.003471398732211427,0.0034725052535530916,0.002187145030088149,0.014871116229723171,0.04065721058139867,0.005606992812589413,0.010076153140151261,0.035870706289835796,0.009818672286068355,0.010242943499736533,0.0097236127159834,0.02183471993520641,0.009710261320465938,0.003539699058619421,0.012509641019322877,0.01719707008392103,0.01758578505628384,0.02306593742943299,0.0499808808233612,0.006771542534115094,0.02456283981950259,0.03939732868460952,0.02237197084658663,0.022371901180586486,0.07718270402499575,0.012593380661111818,0.06928725297815531,0.017191891033522425,0.026607786716558123,0.01717196132513979,0.004552916205213915,0.021193161060848075,0.011837470126677832,0.01592380501503282,0.01872815790482338,0.015961048601268766,0.016788940003735806,0.019420738378832143,0.01791756516246373,0.024010295235271192,0.01361908114715983,0.048192139048585735,0.06306869411585622,0.02099905384914412,0.02829535458493096,0.028299345047702207,0.028299345002761604,0.0282968746745587,0.021630919401719764,0.030418440398003885,0.06931852119202461,0.005956854882137585,0.0942182454665724,0.039395223869767675,0.0
3.809306756138248e-06,3.369475576780493e-05,3.375163306105692e-05,4.050616065242216e-05,0.00010526130407410481,0.0013547327960103288,0.00011556122443453618,0.000320404632236917,0.0008690826425910538,0.0002804935055466917,0.0003161109342743872,0.0003016542443841522,0.0008953941719787936,0.00032159670325359604,8.867808978831064e-05,0.0004576484733748459,0.0006195527883190777,0.0006625116550984392,0.0009648909226254381,0.0022080228369671245,0.00022214235492384605,0.0005920239964648724,0.0010576488818017625,0.0005458068399730415,0.0005458059003863972,0.0032186292126241433,0.0004966804218999008,0.0019497956142226042,0.0005147460352728009,0.0006486522698329185,0.00030710744982117476,0.00011180954769110567,0.00044605114258053287,0.00026682947718014886,0.00034267836069296574,0.00047351309313481383,0.00047475465413831944,0.0004160567298734769,0.0005738066562448888,0.000524288749148885,0.0007335942613558833,0.00022661609152888277,0.002093346312096955,0.001849514060168351,0.0004462515573989358,0.0006076988480997755,0.0006077277643891273,0.000607727764063472,0.0006077098632010398,0.0004914870021611381,0.0008015580890355847,0.0015251616789431382,0.00013324369709577017,0.0008528437390165374,0.0010575926735210436,0.0
0.0,0.0,0.0,0.0,0.0,0.0,0.0,0.0,0.0,0.0,0.0,0.0,0.0,0.0,0.0,0.0,0.0,0.0,0.0,0.0,0.0,0.0,0.0,0.0,0.0,0.0,0.0,0.0,0.0,0.0,0.0,0.0,0.0,0.0,0.0,0.0,0.0,0.0,0.0,0.0,0.0,0.0,0.0,0.0,0.0,0.0,0.0,0.0,0.0,0.0,0.0,0.0,0.0,0.0,0.0,0.0
