0.878854730666875,0.00038951805490524403,0.000971897302177923,0.0026410338107781778,0.0008330924645276624,0.0005134319640403093,0.0011217807685920522,0.0033163853364004295,0.0002473361867450302,0.0004353947363963891,0.00030968592224921523,0.00084381612546529,0.0004042594692121069,0.00019358959917657056,0.00030061471094307095,0.00042160037126353733,0.0009431182006275532,0.00018490398834187228,8.28123354585817e-05,0.00013370106759815894,0.00632845792801143,0.003974987343825458,0.000656158105647881,0.00032104950163037586,0.01008281139038027,0.007140438963412815,0.00015749051104195215,0.000420520670497792,0.00010130252988200527,0.0003896744862310725,0.00010634176400615224,0.0007354173071884523,0.00038497607416897406,0.0006561720346428473,7.028831727392595e-05,4.849777534966476e-05,9.580072102863652e-05,0.0002895125390512275,0.0005790005358543164,0.0006018382616412845,0.0008524314140587828,0.015510480291357943,0.0003892071157090249,0.004906155926760316
0.0004126442948919125,0.6857648087492851,0.0031447992902207296,0.007780566471158089,0.00041764693115577356,0.0008263660508363511,0.009720202580790616,0.0001659063186329654,0.004435762186488745,0.013989304120906655,0.012343394120512998,0.0021179557957845237,0.0015588706708782832,0.0026994480976088937,0.0023852992430658747,0.0021963527653258014,0.0013148518458972651,0.002335063674450582,0.03378483573638579,0.032097803878822016,0.00028053495351320213,0.00031181075256503317,0.001495667720879174,0.004559733394467145,0.0002866335309700543,0.0005037071721768132,0.0025259660055183624,0.002225564024149992,0.0026776365407786247,0.0006415529725065936,0.009991530985909438,0.0024174988465341025,0.0015172457017644512,0.005595424868717217,0.0014380800257300143,0.00771385478295892,0.0012171851785539353,0.01604601963891913,0.037167798127801376,0.003680438875780743,0.0020123902896948963,0.00044298784908818875,0.00041817714947043277,0.001293305666066234
0.0012589144995277983,0.006060340492141965,0.576259255456801,0.005011582534192436,0.0009313374042750481,0.0006245111622653764,0.008610514473539447,0.0002839344710273572,0.006899475623322709,0.007652281470356445,0.012717067433892957,0.007992686036864685,0.004552567325500093,0.00631731458007313,0.006028948060784664,0.012755844282119224,0.006462134402335037,0.005255857702631219,0.005594850446264342,0.008916828561271737,0.00042296596593448265,0.0008111168611720617,0.006911042407777716,0.004783719141598606,0.00035325960512294917,0.0005538244219996404,0.010958803862817485,0.035789647442177365,0.0038082698937978977,0.0007553968101756954,0.005685539033789728,0.030956821354023455,0.004694394958154615,0.005773794624165647,0.005809927916757356,0.0035442205180190546,0.0012924382927630993,0.004667426476195509,0.005517143292870237,0.009578130669319502,0.004126654446825138,0.0007311536451407033,0.0012263261662897684,0.0030707290914038323
1.3621767285044312e-05,0.0014178015965891967,0.0022985600377438127,0.6727471149536977,1.1377019301403796e-05,2.5531588098915998e-05,0.00018707325576947212,3.524066527717966e-05,0.002529251424181801,0.00101093824195851,0.0005326097170976334,0.0004242977340306941,0.0003209582902613295,0.0005612947437817117,0.00048535583376378884,0.0003105800746615157,0.0002085882923099096,0.006101174299066525,0.001143161771488079,0.0018962758483377132,3.528230055513997e-05,1.601368800192198e-05,0.00028170242659850803,0.0007463456419355265,7.178819695615026e-06,3.958203918854687e-05,0.000445606970755023,0.0002145265951512088,0.00041109543516340856,3.087308610140881e-05,0.0009951315372029271,0.0004432079626065562,0.00012472212916917524,0.00049509742380289,0.0005824919516697131,0.005444436066710614,0.0002408838547464151,0.0012456428449075234,0.003079510791216859,0.0003245075392052122,0.003073478918846472,2.6636117172687355e-05,3.183506227154292e-05,0.00043580499565674697
0.0005204202976873902,0.0006196461310559146,0.003068573590573194,0.0026350399766412575,0.8819115489129604,0.001839579510827153,0.0004280904247825648,0.0017352181029709557,0.000938857924326213,0.0001976727261660764,0.0016043173064009162,0.002444877186397407,0.0022275552457934928,0.000963233139816149,0.0019098597660598977,0.0016653960904719244,0.0012302777597830814,0.0008997800531469856,0.0011178077574145332,0.0010324170413401786,0.0037061471318618486,0.0033786627096473723,0.0008247310178895449,0.0016519173625303121,0.0015921009720566272,0.0018866776620761608,0.0007920369928275721,0.0001730894292715752,0.0006507729529308531,0.003483794006914037,0.0003268919629022161,0.007929989238944297,0.003919539115100017,0.0009111414287287747,0.0049582066284089045,0.0014998234534400697,0.0005790175879934494,0.0004313685900146179,0.0063951733234559,0.0011256622201455632,0.00202427186615631,0.003348338071169965,0.0016497959873561445,0.0050619723166485785
0.0009671762319823287,0.0006365106002338252,0.0030957634280778606,0.0018022789975584228,0.0007878978593476936,0.7834201957671891,0.0009382553034409351,0.0006324162933329581,0.0010674830790599452,0.00037543594106058533,0.0007857332341644333,0.0009501675430051808,0.0008314721060864651,0.0007964449717898629,0.0016827896793848954,0.0022818881052504986,0.004014239781303328,0.0008209477332814533,0.0006383289797653357,0.0010490014521086785,0.0011686283203367332,0.0008218926712091886,0.003543292770595149,0.0011718387747589134,0.00258311683822068,0.0019511193778402429,0.0004654088617442064,0.0012559639375878187,0.000593294782518949,0.006825902301595789,0.015520667857482663,0.00182288759549609,0.005681683319227775,0.000445049761305892,0.0006062363201094174,0.0010166461857885594,0.0003685542078378394,0.0011956303212241203,0.00032656970692375757,0.0016240224957634552,0.0006491296085942976,0.0025667184597595086,0.018266305252004126,0.004643137667269588
0.0010796333876887225,0.010204278296487745,0.010167339023652239,0.001737631096718923,0.0007798404223687285,0.0022202897610027372,0.7694656948087613,0.00021731790903857826,0.007005072741660681,0.003456036984342745,0.008287272777515002,0.005333060078338886,0.0031431331472397345,0.0037322023558925364,0.0032881554576863993,0.004546613747614631,0.003524929461665546,0.0026204207988585193,0.0030896525709157153,0.004738502987408724,0.00042764530274656695,0.001221730594493471,0.006173591791405263,0.005382668180109398,0.0010828718963879988,0.0009420664806571449,0.0016574575429239373,0.034165381169762754,0.002557206959468858,0.0009569430399462594,0.0031595755695616773,0.01020031304018982,0.0024144435371401267,0.002316756602306713,0.0024116986318582123,0.0012414795822686133,0.0016340527849040647,0.002148976843188162,0.003804336571525465,0.001876883220790452,0.0012449412461813928,0.001214460452584958,0.0012556848606600618,0.004287568647403621
0.01746011632583405,0.00517703282974945,0.01236398875745798,0.0063743196385058825,0.01113365765595374,0.016171963185149647,0.004888380604166038,0.9356097194511681,0.012087782994115606,0.019440195914261993,0.012137471930910823,0.012856918526767295,0.007361836289228122,0.022564645246744633,0.01816025169852584,0.009156920658474947,0.008885826513910709,0.006832564080007654,0.005868666546799194,0.026859036002437,0.025924282876344948,0.01342505107491103,0.007445618533665293,0.006888801079381597,0.01613634187280558,0.03643858361974836,0.010085885823021879,0.0023308050382362484,0.007670663427811533,0.02394951762570109,0.01163813608105622,0.027494177091829317,0.005690347701998019,0.011551648043164133,0.004556517254029767,0.0063031854813439874,0.01036950846808711,0.009892440130684507,0.012032551013873415,0.015398776285110407,0.015113918793289818,0.04732012191152871,0.009609074358275183,0.03695266006954546
3.0364325001814137e-06,0.00015596146570495738,0.00023907149800769648,0.00045675907790316704,1.5078011569487158e-07,7.100555979031223e-06,5.119988015555103e-05,3.3952765735479557e-07,0.6845371022218073,0.00027102008015024166,5.336920560621695e-05,0.0017539955558961505,1.3285365277156295e-05,0.0037686099227585567,2.3842424101824043e-05,2.1990785955875565e-05,8.1401160098135e-05,0.0016739824791576804,0.00015558666222232712,0.0006508308764600912,6.580789145443263e-07,6.294249620734797e-07,0.0001248563845043461,0.00010403130741882966,2.8421372543002115e-07,1.1959619285972527e-06,0.0003019693335946659,0.0003965137148018012,0.00036202063148040183,5.7327467938958555e-08,0.05627125724572695,0.0001529700931231334,2.839179315753127e-05,0.0002634392544570171,2.31908906295378e-05,0.00027320939611176004,0.00020486795620323022,0.00015103054238400213,0.00018421836620456634,0.00019869875408225598,2.1930504166393627e-07,1.0989051397004112e-06,5.602072787347269e-06,0.00015973649871251346
0.0001475718009047908,0.01253305936245079,0.005953551452690414,0.005500711424563921,0.0001771950997523138,0.000201481695390407,0.0017333149375858535,9.006607785441978e-05,0.002609967806133361,0.6436190938032798,0.008933042824171292,0.0031149487540112738,0.001684709410835225,0.004043522905227773,0.0022416703925350915,0.0019486494770295621,0.0014776072486571822,0.0006781832125019454,0.0056298587604627515,0.023052776736611054,0.0002225737804745148,0.00017480552664622632,0.0012286486969127347,0.001642132649557187,0.00010710376377498097,0.0001995927997139994,0.004327835645705983,0.0013296969170421347,0.002760445330907334,0.0004823935985594859,0.002100842233924727,0.002458802211565262,0.0011277150673813447,0.010081293091848619,0.0014400813332913422,0.004708603757312281,0.0019081582523044686,0.05577937765353384,0.009029535593494627,0.00293738160797234,0.0015355881507762338,8.765458312690716e-05,0.0001932430325276561,0.0005181743504253984
0.003930234549872386,0.12135411097825353,0.046237173119659115,0.031117455008302524,0.00592283031796325,0.005301176816668796,0.05248278190638862,0.002684676403489881,0.01887233140593341,0.10918458732232872,0.7601010539366156,0.05841623258002145,0.022364111406570197,0.04303878242252074,0.03751824562159143,0.03366560671634978,0.022478968951339603,0.016209022713050334,0.03447451614141477,0.13893605169638404,0.0028801788527042026,0.003850969901016071,0.022999221571927773,0.026218057137378487,0.0029738647723699134,0.006703059227220683,0.030748534058489155,0.046199393964663424,0.01831635121798732,0.01039669252590943,0.014025743525215113,0.05699055508640022,0.018372144149671664,0.0679395869686114,0.027203401715013353,0.03874011276900395,0.016229221599477685,0.082367968711866,0.056330015236152484,0.03574044568653911,0.02200901635420224,0.008717686151055826,0.00493596370530837,0.009729605965694643
0.00034628058270275093,0.0011009782145145624,0.0023014350174836626,0.0017493874853535666,0.000376654535180126,0.000434739281994257,0.0012701065823062445,0.00019821167784648777,0.0012304808768654398,0.0016114849403154094,0.002655705024681155,0.6506565831218845,0.0009373213257806208,0.005439442657737927,0.010010140874348948,0.0011740013454863113,0.0025268022479200325,0.0011400127331844723,0.0016980690868646181,0.009780877723209068,0.0002559881549670205,0.00034894568253663206,0.0018403096780549282,0.0006336256066314284,0.00046485849467364126,0.00042793566183316277,0.005701320864461651,0.0017672938342732012,0.005567952012249833,0.00036387368354815196,0.002892020795346782,0.002668625867298738,0.015534360714493472,0.0034325027807219364,0.0009642637219252995,0.0007849233621784134,0.0006694642452635399,0.0012728523190191198,0.0013378666792520466,0.018254112458615596,0.0010276475132345237,0.00026676638092056987,0.00027067633195552326,0.0019899116275188806
0.0007036337113149485,0.0030411966177603107,0.008767268730594647,0.036786176743568974,0.0018232474020605195,0.0009474847717120009,0.003680091264157547,0.0001442760318549514,0.007192643011292984,0.0048284413190228,0.005000410253357291,0.004527165356947452,0.8032415383979786,0.0024345055082674147,0.0028949864722869886,0.0120587279253488,0.0039737014237564506,0.00820959668253024,0.0026995844803546555,0.00549634902626668,0.0005009522157109083,0.0005273174106665474,0.003264941246423539,0.006038082782737981,0.0005053164249924082,0.0009693347999185056,0.002980306069994982,0.0033260092920074976,0.001763601909611202,0.00310799562719876,0.004742706314442115,0.005650652647999593,0.0024948791158676356,0.0043080740105738815,0.06789549595577178,0.0043804920944418655,0.0010209277768022632,0.0036113876152425632,0.008857751729521256,0.002851218398629863,0.006959331482740736,0.002989575703625521,0.0007669634229535776,0.004230089876469749
5.8708558207394364e-05,0.0002127779180257804,0.00031325938509748757,0.0004175663339934938,1.777062203160093e-05,3.2386040030112144e-05,0.00025479837392595377,5.204898604225681e-06,0.0021269900484736596,0.0001356894524291141,0.00017034366049358535,0.0010938681924275442,0.00015338226946775584,0.6029883912792283,0.0066096668847812415,8.011333842512363e-05,0.00014209095525268386,0.00014233386141961285,8.407936064038831e-05,0.0002804142494694734,2.1184704335086186e-06,2.7178003041315917e-05,0.00015011496696402615,5.942398470219966e-05,2.405177669454462e-05,3.9040781440206955e-05,0.007778616464941903,0.0003466524408754483,0.019246515125100876,6.18645022728725e-05,0.0010086100141763767,0.00025890248546558075,0.002191243253173937,0.00032636684729861476,0.00011446115518440981,6.617407641087953e-05,0.0005986741350269507,0.00018950564656578588,0.00020159931338593627,0.003933816225285508,5.0329139087423435e-05,9.143026941662709e-06,2.0929977263528777e-05,0.00015007355080582936
0.0003859272785395931,0.0013313286256412295,0.003108363322621984,0.0005661790470365577,0.00024173189881084367,0.00052310699620577,0.0009596640987761391,0.000157615631923076,0.002162086821249844,0.0010193143733468017,0.0022008136132601226,0.00464877073884884,0.0008902164294068164,0.04820530979957493,0.7410780546870419,0.0007930472615320616,0.0013005649764300002,0.0009773170394850909,0.0006559258936342373,0.0016793605775153344,0.0005358750050383361,0.0002005587301184947,0.004113008752743113,0.0007801524456655106,0.00033749122397175703,0.0006808980208995321,0.007371128250237956,0.0005982436579984726,0.01536503123025493,0.0004229115523697935,0.0005713991660719725,0.0039841795406307945,0.004884862742555199,0.0027295196262428953,0.0005919821975080745,0.0005697985328675727,0.001697467946691083,0.0008678613773354465,0.0008424863133608809,0.014625778306474772,0.0013429181097949318,0.00021610296257276813,0.0003814680358706829,0.0007859434820070031
0.001523211846093712,0.008246415613224253,0.042571890931076606,0.008490313191767558,0.0032506907430227077,0.0027142445405727612,0.01311526908512651,0.0007560122220313701,0.012712837258019053,0.01306184579094247,0.0160076082376574,0.011049524301157519,0.027019500462179907,0.005178197202371283,0.0067173615033615805,0.7895905239074957,0.014711296270426801,0.007433217491506224,0.005194155760691002,0.018494915359931426,0.0019175807471300133,0.0014195821190573729,0.015565401705745078,0.014145322757995777,0.0012233808552664454,0.0022106009226525026,0.004834537547353829,0.03330749801086231,0.0037300134290571786,0.0026189028813349284,0.015882169069761184,0.021181242380805435,0.009802752920391608,0.01045904334396394,0.018288134049028973,0.01138939419431239,0.003612520678755676,0.018148543179937287,0.01018074631007492,0.01088792616533431,0.008562999619556063,0.00180024374686888,0.002214747071642581,0.006273718858339078
0.003289561622045674,0.005289318390204301,0.023936502253564525,0.005656366493930383,0.0014837765206562798,0.00842353795212029,0.016198160842516636,0.000627391855850942,0.02293864545174116,0.007116973611622495,0.010356118526936338,0.020605209097274965,0.005586775957599597,0.006887835082470298,0.009665588580680258,0.01420022421506284,0.8213121957295941,0.0075029103391978024,0.0063642405890813065,0.00968048127488995,0.0007276553372472984,0.0032516615930085735,0.08829271943179333,0.006595090231401583,0.0016178588008163145,0.003433431714209597,0.005548673796135202,0.15606476038682898,0.006375099753069995,0.0017694046160308533,0.0904113287847713,0.01903347903623061,0.02218111224746297,0.006399736490646867,0.008466430771234337,0.0046603303006565846,0.0024780401725980877,0.0038950399023717206,0.005284246927670744,0.015173592210327134,0.0049221024551775235,0.0016520298923842337,0.003915328756509002,0.009649262332601683
4.7358259416660695e-05,0.0003673122357072595,0.0006798492779837587,0.013322191516363395,2.1301700173031033e-05,4.558163588068838e-05,0.000331500976462432,1.6050829461936026e-05,0.024398814570251465,0.0002515478360404417,0.0003441655727203095,0.00039539861215264757,0.0003262228949736429,0.0003473405211347095,0.00028042620707339805,0.000200470079185499,0.00045324066433670895,0.7506109679777095,0.0011617366628026075,0.0003045668396392612,0.00010988241229954063,9.728734571916577e-05,0.0001458557617632448,0.0008907705148566348,4.250109235288567e-05,0.00016034690415529863,0.0003476458924795932,0.0004097453016538893,0.00010679049548298171,4.2349998926083145e-05,0.001192792369112751,0.00032703670215346304,8.106948940946344e-05,0.0003456938996371363,0.0002938668777632901,0.0021206680020781493,5.871732648038071e-05,0.00020745650623320026,0.0010383125181763885,0.0003245661471815112,0.00681170829079734,0.00014525968673180718,4.7749828794232604e-05,0.0014748223852006886
1.4780692183627841e-05,0.002164426584346853,0.0007704094918059874,0.0008880397158470714,6.783395467729795e-06,1.8673357262322955e-05,0.0002460668573796755,3.2715358417226185e-06,0.0004346900049103856,0.00042680914459380237,0.00034207329843851053,0.0003491884420396175,7.812495876310649e-05,0.00013918837150063488,0.00010017452746320527,0.00010934625642989738,0.00013272497353695095,0.0009934382890661793,0.696691084845835,0.003073873283685381,2.9500035780806295e-05,3.4052261824526992e-06,0.00017477775292729875,0.000711284237449878,3.7822812174085093e-06,5.108482266630058e-06,0.00010653087045874298,0.00031418591601269487,0.00010875649627015727,1.3306052624856681e-05,0.0012281288793360805,0.0002055326843953349,0.0003566157679248849,0.00021692831457301357,9.199585187509757e-05,0.000448734835501638,4.14815930147489e-05,0.0008126354094973798,0.019488795487343388,0.0004384701071752041,0.00012803535921068255,7.923482366319153e-06,1.4820705878520064e-05,0.0004214459166815619
0.000122949057931137,0.010281612694620695,0.0020129350480711603,0.005265058696333511,0.00013313366965090882,0.0001203844686897313,0.0011161548853532907,5.7325403853112015e-05,0.0015189613416341072,0.008893569335859332,0.0053497462672440375,0.0015448627881263326,0.0014048275192298787,0.005945035451895619,0.0010992075912066494,0.0010984458301361466,0.0011154501322892878,0.0011516683987990706,0.013325071421616999,0.486248583900873,3.504271090064673e-05,5.5215286023855546e-05,0.0019062631842244374,0.0019113027469678653,5.4277538756705e-05,0.00017414598256905868,0.0021455041391055646,0.0020563050162812225,0.0016590066178027974,0.0005095596880515392,0.0003326447336337124,0.0020818501580259744,0.0006329276700866542,0.004261117668099699,0.00083274925637749,0.01639904539315623,0.0005095361819988121,0.02054305634082384,0.010271124774911366,0.0018575213310777308,0.0011131525045238965,8.441318419215286e-05,0.00016310345709294184,0.0005277500974926037
0.003345943419230106,0.00014993501054771512,0.0006486368199196775,0.000728182190023159,0.0011783888605087216,0.0004990920519990663,0.00011382143392320116,0.0008089871102429948,0.00038046678157239246,0.00027747670718846157,0.0006117300028658043,0.0006596984415300105,0.0014372186084264528,0.0020862214506741084,0.0002886174241221653,0.0003562984366090154,0.0003615729172355768,0.0006047048031073778,0.00029291612523043165,0.00047328119985283826,0.8183921960587734,0.004014837777234817,0.00032833337306510863,0.000890933901283035,0.004742022609222059,0.004417365690746268,0.0004496818875220334,7.322162343850305e-05,0.0006320285219294679,0.0009210025968711358,0.0001792699794650284,0.0033795709399329675,0.00022955302370148786,0.0005305243428898526,0.00041525752090581033,0.00031288464365606625,0.00037101797863250475,0.00015013099356875857,0.0015066668174305547,0.00019512308656285948,0.0023624748124330187,0.01005939960108351,0.0005366930954427711,0.004315108239951874
0.0012585271226478306,0.0007459942398645076,0.003428065896899342,0.0025232419865466728,0.0029479480274363402,0.0009420056721714112,0.0011759193100700483,0.0005114008269089532,0.0040397108007498685,0.0013108985426748578,0.001599676849865218,0.00279785054690966,0.001381599878437963,0.0013072502183294325,0.0032484983794688603,0.0017927005263471978,0.0020198993492222743,0.0013971344274704782,0.002440863661503467,0.0014880134576387902,0.00428661162083886,0.8388059652405292,0.0008524408509071442,0.001705292541716673,0.000916499603261498,0.0022260474924382244,0.0007742959666004492,7.254738784620126e-05,0.0008789708584108386,0.0023982854211825762,0.0023179374111689304,0.0032433147035432243,0.0007832401923194251,0.0013430226471831412,0.0021837707060544335,0.0008555567108949365,0.0007197755732381356,0.0004782532227073392,0.002061259517616969,0.002009463964445703,0.007891200479873635,0.0036406353256920867,0.00158582396953075,0.007845316280092425
0.0005458454309871692,0.0018149386562904698,0.008387797220128336,0.0011314289598908743,0.0004526937164438406,0.0009138674326865682,0.01237371304741884,0.00012682865443998755,0.0008251581825370142,0.0018414127523543823,0.002348786942260425,0.004777559787406736,0.0021067730369447105,0.0010047359401057542,0.0032859477641632934,0.001803422010242805,0.006741370300619227,0.0018793747390421767,0.0011285722885158614,0.00325014701854484,0.00011368859616432586,0.0001479875198197698,0.3965902225162569,0.0022059160108012263,0.00034241134499723075,0.0005892899872480442,0.0007715607988890093,0.020885463505391312,0.0012781735900405074,0.001213644889188184,0.005979508264758966,0.004995547290195922,0.0032401248726074364,0.0019246921933098883,0.0022986351994523646,0.0011418976736306133,0.00034067347625471307,0.000668284492278956,0.0008475381192875359,0.0031008765643828827,0.0003959474721870824,0.0004927946826103675,0.0014178190931595969,0.003704412569768589
0.0018803643233528163,0.01727661652199065,0.00991772898899083,0.018403114009797925,0.002246683728496922,0.001889163562684482,0.018745013364410215,0.00033245344755025523,0.013595654542826002,0.013326823524793838,0.013227993674357858,0.009407596747733046,0.01293660480047098,0.009711439359329273,0.0060264509161864245,0.017314182836143117,0.007040185156043543,0.015217710286902377,0.03643780245722744,0.022689237974196363,0.0011994837659801152,0.0012097263755667764,0.010071139589167118,0.8338550423883987,0.0008601390859932944,0.001963854522299172,0.009635267630049188,0.015596732328979549,0.00538544803127274,0.00343379848877348,0.03700866522762624,0.006598555888581134,0.0042061191828145356,0.013833176285835887,0.010913454650905307,0.02353209933065248,0.0033832545515421544,0.014759240890729105,0.045243278638701735,0.006291634139393443,0.011615333277101304,0.001170734657664546,0.001554553387444017,0.0038426270511432914
0.004977714820828827,0.0016346761242080675,0.004191880801860591,0.0007295354295892444,0.002059634359749761,0.004400315777518307,0.0019858413861956353,0.003943070226309385,0.00025004407108254783,0.0035501593399835814,0.003596342181489485,0.0012932334696455015,0.0009407162285371461,0.0014132515538725077,0.0012236031999703165,0.0018242345528940598,0.002473110169032063,0.00045788067068868983,0.0002601841738275866,0.00619357956382555,0.016157138823184095,0.003344121281011199,0.006698110250123256,0.0009895725928661774,0.8530734420158181,0.023631874080761946,0.00044575248141162367,0.001583657929364251,0.0004392716621459629,0.012464792180955604,0.0009348049244367133,0.006067271396500588,0.00206781514292877,0.0015305364076835246,0.001091224935986439,0.0008155866623328128,0.0023865833264984193,0.0021257683571287264,0.0010750531823690063,0.001252109999409468,0.0021182558577948554,0.05183733807974235,0.004517298591878436,0.011010577986734412
0.005036669483293865,0.0011569309488105612,0.0017894880111627848,0.0011821874824187323,0.004461136803489778,0.0022086275087502783,0.0004745781106057355,0.00543482442620792,0.0014249092513700218,0.005796096258620736,0.001803143328941444,0.0013529712103872405,0.0011462387937748054,0.002465513994705962,0.0013731301267428744,0.0009591899353883316,0.001764963324465787,0.0012913637132821215,0.0018935679305977257,0.008454586472568202,0.012784087086728171,0.005227643270196017,0.0014575926627360203,0.0012352979103702312,0.007329741838884945,0.7819923467628961,0.003409734825319672,0.0006997433744776155,0.0009672575587468765,0.01110628214173377,0.0046239018029674795,0.0037532401597177027,0.0014485889262974387,0.004683178351044766,0.0013136844582020701,0.0020429124646252897,0.005135578023301579,0.02418094973152593,0.012256066393063245,0.0011288144720460914,0.008093098578865946,0.027865373843090454,0.0032924861994231788,0.008466268250100736
2.5747923226960317e-05,0.0004802565646189165,0.000638954905399059,0.0002520010657422491,7.626545526510471e-06,0.0001084126571313662,0.00015925201968210246,5.037233331729024e-06,0.00039937614846192483,0.0005467316986880723,0.0004540245114775374,0.0024342288449492656,0.0001429960143281743,0.019542399466225793,0.0010503025002844024,0.00030993126938114234,0.0003307079011601453,0.00010939951902529262,9.793582504286098e-05,0.0008816191158996799,7.4828582276279235e-06,3.306959942709377e-05,0.0002257020066829803,0.00015324863985924622,4.467243557220023e-06,1.3679037331351578e-05,0.5580403406714445,0.00010357548288887064,0.035023610417609895,1.738636117169469e-05,6.143414994180192e-05,0.0010202770993155707,0.0018896067500455338,0.0021625415816771505,0.00028199865749064417,0.0001842002466544358,0.0007459300892907779,0.0004313343214275156,0.0016743988852231859,0.001342731256074428,0.00011416119960098395,9.969361169196672e-06,8.154802983897966e-05,0.0004630677815838837
3.37722703122353e-05,0.0033579124154986453,0.00787083390188397,0.0017204129866946103,1.3312583031351682e-05,0.0001052326473715495,0.005658242885403317,1.8908859228937355e-05,0.02169987562834059,0.0015325031017389317,0.0023712161474536892,0.0018914096990902578,0.0006249907162374304,0.0020157277343548804,0.001124990202197685,0.0016132534421992577,0.0009297080012660252,0.0034727808217063323,0.0006582529227312342,0.0023914801616817887,5.786842513827939e-06,5.8788724326097465e-06,0.010635949713548193,0.0016517897486547023,0.00010460237568270386,1.4898032302052653e-05,0.0006599488893378135,0.411280738293194,0.002086036853643826,4.018629397705538e-05,0.11499221887928315,0.0037096596705841534,0.0010916555451927728,0.0007798183265541545,0.002091694657868065,0.0005720258756476235,0.00036629522938034863,0.0008825637921810687,0.001710636738296876,0.00236755206788388,0.00012445070502510784,0.00028363808798887715,1.642634749265512e-05,0.0024749441708329313
3.1460342625811997e-06,0.00026626295699508736,0.0002826526547413323,0.0001388216235757892,1.099998722782182e-06,1.9291246643454523e-05,0.0005517143734029838,3.345039815793381e-06,0.0032419683440980504,0.00018254443926453193,0.00019020697404572483,0.0014324105782833171,0.00016658110969689651,0.02367230033631019,0.0009778436594621142,0.00010784929425379142,0.00021724151608638613,0.00016175568239439785,5.1496922695206505e-05,0.00019970292025697228,7.550337416083329e-07,7.46189695709081e-06,0.00024930418939448756,6.235188357044023e-05,8.050643785230933e-06,2.5479474454409416e-05,0.012862418336156074,0.00010656123239861938,0.7455791071280791,3.990723113625073e-06,0.0005245085310833134,0.0002600894959891365,0.0010821064336188977,0.00048570219370374035,5.253994005210825e-05,4.764001526185158e-05,0.000397393981756297,0.00015572118847165633,0.000760401887772022,0.0013243878565352978,7.619018659768003e-05,4.449633770581314e-06,6.886552937866649e-06,0.00019063390258709876
0.0005623062657145532,0.00021686230418215387,0.0013636920005962246,0.00014193277654995183,0.0016075312405153446,0.005986866520834058,0.0009424665323163194,0.00020440800301613516,0.00010463198189081283,0.0006232797886932308,0.0004872221822788992,0.00040773243111785176,0.004769714710670022,0.0001971148787477011,0.00022842109647650327,0.000571410911567518,0.0006203803874743806,2.6596630678902936e-05,3.30926875610517e-05,0.000970083471221721,0.0001283479456983963,0.0012953882888076286,0.00113775938615726,0.0005226887979691618,0.0004553412364126384,0.0011730495481122876,0.0013907956218482723,0.00015250467595213276,0.00018604313136225906,0.7162309870258242,0.00015850485779205943,0.0006505878070861197,0.0002745447964255813,0.0002597271676111604,0.00019446771760504633,0.0003400697570631534,0.00010588745855242715,0.00028866769362423416,0.0001469770133720707,0.00014783501727110316,0.0006598886908533055,0.0007154108074295723,0.009745022692215225,0.0012263476579330876
3.521237609451347e-06,0.0009591110788475935,0.0003294189280230438,0.0006014841451346439,5.303243456583329e-06,3.572375622104175e-05,0.00017765565701150358,1.205832878623804e-06,0.005274573976072381,0.00048455385494375683,3.8525196434421715e-05,0.0006709948164552317,9.25534442708893e-06,0.0015489311529839603,5.886394006170438e-05,0.00012396524429686995,0.0005783954599777357,0.00044902906960460765,0.0007196336392757868,0.0003263243967707439,1.2054703840560065e-06,9.160468869040005e-07,0.00017354928310921812,0.0002597346419477172,6.619285734098387e-06,1.1265906307726183e-05,0.0004601755985188797,0.0014485612675309352,0.0003106929526436086,1.3241581941820266e-05,0.4114648483039723,0.00033841920602110877,0.0010187304359191446,0.00019089337110876544,2.5442852309774425e-05,0.0015218274157628136,1.4893622314817094e-05,0.0003651841052130437,0.00028107693706323967,0.0009513472692905389,0.00011927081530027089,2.122894127379557e-06,3.624258366801653e-06,8.933883343326955e-05
0.0013501087959838522,0.007026703784422068,0.06283192217475726,0.003969811619615071,0.0018003653099903207,0.001247254253887097,0.007460807985976255,0.00043259667813442794,0.007721204787481145,0.010308455178044422,0.03423632394221822,0.013049945079184668,0.00560637247435944,0.01661293737187711,0.011645737230120384,0.013696436253757608,0.012218579017359626,0.005015139547285103,0.005055695446392098,0.013933595127866096,0.00090061538569588,0.000803856462009628,0.04134690350235397,0.010880338706140021,0.000408761912701074,0.0009749471464862485,0.006946177033076457,0.007528144196825112,0.007448622981806206,0.0013395768501066666,0.05363588254941002,0.6323528938865992,0.00920045271411293,0.007662961105142958,0.006711285040640882,0.004032093250836589,0.00195652804081971,0.006005221131630405,0.0067145020967544055,0.009498991716790969,0.0034661055203897193,0.0019296261211184306,0.0013765650530605904,0.0044149443455356475
0.00022704615623153995,0.0007596800974300142,0.006951749005136719,0.00044943573225551993,0.001627639537779795,0.0012595623035687772,0.0003701510260807449,0.00012294541154143744,0.000676895714891068,0.00047081636028139157,0.005408855074818834,0.019568579965080744,0.003437969057140586,0.005757510172550809,0.010851294136799612,0.004747339668774143,0.009814602409301687,0.001347570616865248,0.00050089443507977,0.0006677819352882156,0.00020129420837250315,0.00018979459216143563,0.0042598956202433555,0.0006934711581955224,0.00034118318286450403,0.000818813091508539,0.013908042320173654,0.0034655570786865943,0.0031939804733880557,0.00021245212588354273,0.003366901588948277,0.004096074301259603,0.7802500466683143,0.004387244816402202,0.0008115067140569858,0.00038809322159588183,0.0013278656945120734,0.0001850343303657759,0.00028499180659056426,0.02054191397870556,0.0012410579208373897,0.000384902996166507,0.00037744558768347644,0.0030601617978120053
0.000269825951716868,0.007971418810358398,0.008107698134217635,0.006427892317153462,0.000253257856855611,0.0008736902623042276,0.0030290018048849607,0.00010361918656657863,0.005431045250378101,0.03325589091568771,0.011550960697773668,0.011546375451940266,0.002560841499071546,0.03233285503641077,0.005960128607020215,0.003280851701696649,0.00302784078616602,0.002125999328599057,0.0055286760730529445,0.023248854484632556,0.00013912422769587327,0.00019587987738957079,0.003760001088812591,0.003116356394744453,0.00014704704153323497,0.00046981198639661217,0.03471555259412477,0.0031256216648724304,0.018472869480809825,0.0005578046478474652,0.006858501983266622,0.00570415992615232,0.006404568940956115,0.7457725056303756,0.001640905524738514,0.00925985743008043,0.0026135996580732472,0.028476963669253872,0.009483740581823198,0.009214125792163805,0.0026755830332199177,0.00027586274530257273,0.00025076934062800147,0.001188032240554247
9.263351215324835e-05,0.0006044339133479823,0.002543452230688919,0.0010311221115515304,0.0006152415981317605,0.00017232845282398655,0.0006520645457094178,1.758723384669491e-05,0.0007487120179876054,0.0007873843805290141,0.000962210209496196,0.0006931157411961787,0.006308460125048863,0.0006626416205717444,0.0006983346339303181,0.0017828541537680345,0.0008254294391496895,0.0009455925585802607,0.00021482061052970262,0.0013454375615582523,5.585109629907812e-05,3.180224550011872e-05,0.000882233232619008,0.000693718819604646,1.945705549956224e-05,5.266947925180363e-05,0.00046134526238290663,0.0004839443350488232,0.00027030523196038204,0.0002796272594312719,0.000723590839318947,0.0012516102191909354,0.0006680534192555939,0.0005008135802938498,0.7431713312883561,0.0008675516054414237,6.161749593312866e-05,0.0006702264320162215,0.0004133997655932592,0.0008652492057031132,0.0006662012415200066,8.404410555029615e-05,0.00014750840826105468,0.0012711784500792373
3.2278949811155485e-05,0.0053616991871450696,0.002991354584859925,0.0156314925448408,8.22220249747329e-05,0.0001828868225788403,0.0008501444162333967,2.643442182129883e-05,0.003272893830513867,0.0023990430312974013,0.0025063640821406173,0.0011571531349857868,0.0009305874460223632,0.0027554569473843596,0.0004500447377143953,0.0013360012319802834,0.00046359268777796975,0.0030776864392761663,0.0026079271189196115,0.01333920020203084,2.4144232795424052e-05,9.01153165182273e-05,0.0006841483948987738,0.00197221618734397,4.889462790006726e-05,0.00011771961921757991,0.000815080890948882,0.004543241433040873,0.00020814765208012454,0.00015241275058010275,0.0014234286028530583,0.0012438292983694226,0.000454390266806754,0.0014235356663204175,0.0006498935723224144,0.7539654703858438,0.00048322621086939336,0.003268462013127721,0.0036688592670615357,0.0010614100754244584,0.0024113297921422106,4.895936102208524e-05,0.00010159267217785817,0.0009549922712660504
0.000778291389020472,0.012738946819253742,0.008075356865256574,0.009520961133404183,0.0009955546313592874,0.00221121634455912,0.010990472677104417,0.0013878712482532946,0.03331023710778996,0.017539305014212764,0.007667234979411017,0.0030460699832150404,0.0032894261381217708,0.022905374887921437,0.02328687345954829,0.00263846475206489,0.003308916888171922,0.007303093302931217,0.01703796998943697,0.007138105607033369,0.0013780886312377077,0.0015628622854732671,0.006098854525870655,0.006050637042170562,0.004969306506970113,0.003426134264433937,0.09291211478317137,0.004225891371189466,0.03260701066491088,0.0005174142657392197,0.002146263698371941,0.003633877246167172,0.003222347022602293,0.03315664057922247,0.0015858323495522592,0.016035626424693077,0.9055144761835686,0.015780893617578288,0.0035866320557322536,0.010705578917402488,0.011585654043140966,9.096861225517364e-05,0.0009358778718246371,0.01509803006532741
0.00014643408848562722,0.007498693090383683,0.0014686278038697092,0.0016900474871429942,4.1758074904568546e-05,5.087376077334376e-05,0.0006042319141015758,1.5803901988031853e-05,0.0009526943111867114,0.020152097004110466,0.0029304717074262634,0.0010053499033338407,0.0005301383420989516,0.000850189658507132,0.00047685712314777157,0.0006593772287714197,0.0008362906429108928,0.0004040314384572948,0.00290024052171129,0.01927792191917473,6.032113788556528e-06,9.824096894171634e-06,0.0010821046592282859,0.0010010704296244055,9.448856720853746e-06,9.130373734272875e-05,0.002482526842167254,0.0008782847195914737,0.0012566376521397312,7.96910504805002e-05,0.000796721875565648,0.0007506357187463975,0.00030964767840191746,0.004716234587786885,0.00035658944517412254,0.0032292121732964254,0.0015187285912292299,0.5952946153274157,0.0055660167668476,0.0007557509129239335,0.0006807476452794425,2.132376058902349e-05,3.635279874794123e-05,0.00035599343814785576
3.703939619884366e-05,0.004936150538756088,0.0007621478210431762,0.0010652564635122096,2.1686087708335866e-05,2.736016381650181e-05,0.0005678409041771563,6.45812510683733e-06,0.0007910959485886501,0.0013894217958225796,0.0010681660243385676,0.0005220823683388343,0.00016581347558851427,0.0003357577685801362,0.00017691574073401263,0.00031059906706414075,0.0001457172347831657,0.0002822898329555918,0.022401299567301698,0.003970818929367004,8.967793674047196e-06,3.458679370810149e-05,0.00020619394996401462,0.0010928913170468522,6.62792289859383e-06,3.787343401626407e-05,0.0004952894075512028,0.0004609926414578339,0.00026053978434479274,6.0373714599333604e-05,0.0001195940598593988,0.00026991814814850883,0.00013511751698229796,0.0007116553167559384,0.00015775361908655386,0.0007622724865281434,0.00021922528282743256,0.002211096215393384,0.650767657026815,0.0003613615916924109,0.0002982635349519574,1.7361462010897762e-05,1.9708028527198858e-05,0.00025517157876466906
0.0008376133049342812,0.003912112438082433,0.007902196910104672,0.0016323910672694072,0.0008141980099117395,0.0005918365990766464,0.002944486131677798,0.0001879835417647846,0.005352786595718038,0.0033116018815496032,0.004229926314213436,0.04084832009752989,0.0017955655757996797,0.03586963216963372,0.03189678061172812,0.0025593599854808985,0.003249981008786858,0.0018399763653607474,0.0017662965350297923,0.004088146467115056,0.0005668900383276449,0.0005342424124082912,0.005617590496659369,0.0016407123789507188,0.00035787784964199737,0.0005637023407781069,0.01066954119170332,0.003309050935972152,0.008741938248156961,0.0007006653583769576,0.023319180239002025,0.007275912765419858,0.03960031640120185,0.005168314801812303,0.0022053633991947334,0.0011934544988265394,0.0011813319926659441,0.002155300952976781,0.002200678629661715,0.7451319777371235,0.0017250874056619662,0.0005987650149675333,0.0005418310524226769,0.002259570817836315
0.0003825372071670268,0.002364664414800427,0.0036800605226578473,0.024511700853057577,0.0007381415812470432,0.0009674745880604122,0.0010437245804902696,0.00013142987345962634,0.00016053725824164043,0.0026534403254177947,0.0035990992080190323,0.0024489975414841965,0.0028555599340850876,0.0027178356991495404,0.0012079858784525296,0.0021044594006791517,0.001913582507309862,0.007131251761122856,0.0036059095693706774,0.004935977186200152,0.0012322581801664013,0.0005777332483731573,0.001176187011893573,0.0029815653484056293,7.658798940987341e-05,0.00027059894671391016,0.0028277161228018027,0.0005974611861912724,0.002006172498487315,0.0007114275945753779,0.01713778683142698,0.0021413012681890994,0.0008661734643459837,0.002948674313190586,0.0026425053998670486,0.01076059282820036,0.004283615076414583,0.0026751161572585915,0.004115587554378876,0.0019131205425118771,0.7868322588652008,0.0003081907440656418,0.0004897471411486876,0.003996710463673878
0.002710284780037931,0.0009609299537155923,0.001168905912405793,0.0008850481794651254,0.0020989567566110415,0.002602980725778491,0.0005566759395206469,0.004415642781494016,0.0005593214152991312,0.0018686257063412405,0.0016358677667472096,0.0012085542385068845,0.0006319847681908199,0.0032755529438703423,0.00140009059734932,0.0008566103059459936,0.001228963593021237,0.0005665292468442962,0.0006654832457281345,0.0031406363256124103,0.003934202820827209,0.0015199153268700822,0.0012922343653364,0.0008429981310014239,0.004492009475443001,0.0055131462677167195,0.0008351939098665397,0.00010372435529837309,0.0007617867700621967,0.005340031194090204,0.001625989927649244,0.0015931887522848906,0.0011892785414575023,0.001564991823155962,0.0006552356529977584,0.0005695155746094973,0.0003689400642796216,0.0020965435341807753,0.0012433375043760199,0.000989865304919433,0.0022838258015137514,0.6644577313359489,0.0018052543509228859,0.006141859648936657
0.010787647982820763,0.008010316809695392,0.03794738923403028,0.005298796758550869,0.015884023455240412,0.12079895380918425,0.01281585256159304,0.003113030019574611,0.004771100775551597,0.006809412853751151,0.014721149441563138,0.018958723580240443,0.005451550244209368,0.005161929156457823,0.016799735093891734,0.017442384545575527,0.016033407454419068,0.011108811970237314,0.00829301016602664,0.01713152379210144,0.005555778486669419,0.006240188654998028,0.19963157886548605,0.006774530027310052,0.009890346648535366,0.014824946601450256,0.004017771621616622,0.1369073900167836,0.003943394927729528,0.15059706405598638,0.016035996444526857,0.04341059348038172,0.012391690223473814,0.0050400752388682244,0.005594675157224332,0.0041698647902476725,0.0020246067432451212,0.004677017875668449,0.004165841059373901,0.018037936964702295,0.007925064104823817,0.01723790171976259,0.8974428394787947,0.025523186529156038
0.053534188290486846,0.03344631786985154,0.06845810225600449,0.08938792886200234,0.04978393061313198,0.027493215977661058,0.02895722548203333,0.03191154727239954,0.06906853229915781,0.032604388398629267,0.022522499696437482,0.067701519774013,0.056672372736049165,0.03955310662187392,0.023781912723740233,0.03353248001149848,0.027565550856788384,0.11201093368018884,0.06595343227709992,0.06606129632530339,0.08740801810131013,0.10019738057402258,0.13840404655704386,0.033492275522849356,0.0719100274822806,0.09231849155388207,0.14073241580970813,0.05967559220344415,0.03423012615661192,0.03478489504410302,0.05648110110387529,0.06526533000071696,0.02586040437191807,0.02071415258856151,0.06631545071851604,0.052046063973706994,0.019652436694268163,0.06825367736528286,0.048276619141725555,0.019377054600188452,0.061078284147894554,0.1313237005431423,0.02793932364744987,0.7952896563060443
