0.2974766794421258,0.07730049972407578,0.0773004997240758,0.00036085982810667,0.3397557129161246,0.030509635473151348,0.012998823126178042,0.0019618734790720974,7.068348368254686e-05,8.723239443032104e-06,0.029753030892804226,0.02975303089280423,0.0012032926288830742,2.723790033267866e-05,1.7190689999838312e-05,1.720781153661587e-05,1.056302191070046e-05,1.380792496938043e-05,1.1293644180646671e-05,9.407056928744413e-06,9.242879853518572e-06,0.0025329457950172014,0.00016111561345485745,1.5926043021620198e-05,1.5926043021620178e-05,6.974896510767575e-05,0.0028610109963572287,0.003431948206587319,0.002950370873578722,0.0030903100420142564,1.9267707096307478e-05,6.296669232935315e-06,2.553345022764919e-06,0.0006290776383878859,0.0010451059895307563,0.004901531275857738,2.870841507050267e-05,0.00021023726723621165,0.00017019174337469054,5.570681318766254e-05,8.451267817524604e-05,9.6112785960898e-06,2.460852529688835e-05,8.567941529971959e-05,0.000466518880858982,0.0015116890984569432,0.0015116890984569436,0.001511689098456943,0.0015116890984569434,0.0021573912590175754,0.0006434343677351301,0.0021329956351255194,0.0002217470119470042,0.0011874009121576469,0.00016111561345485742,325429.7705431009
0.046281215236175156,0.17376347146877158,0.17376347146877158,0.00011900280028514829,0.003914311362580301,0.000733386436863104,0.07178990989820978,0.010745246263015781,0.000247675416025076,1.3476537485852713e-05,0.0004930863885370439,0.0004930863885370442,0.006584120860672467,2.3098524090027234e-05,2.189638864959657e-06,1.6971203896789126e-06,1.3653650616254469e-06,3.633538348974943e-05,1.0584850034102249e-06,7.729954758248241e-06,8.705970581226912e-07,0.0008596123702721899,0.00011509779733967485,1.9912635169446707e-05,1.9912635169446683e-05,3.756209080173678e-07,2.200988854660877e-07,4.906884602078939e-05,1.546436178362014e-06,0.00034437623768436283,4.5522922544980195e-06,5.827702914006798e-07,3.614577610667597e-08,1.402540052254053e-05,2.268696439031727e-05,0.006626679407516346,2.1860805657110708e-07,2.2940125003431657e-06,3.1604695976557113e-06,5.484019857817963e-07,5.022116007363571e-06,9.375154950794175e-08,7.496209325869767e-07,8.535969642646499e-05,4.759344451301895e-05,0.00016188699394025486,0.00016188699394025484,0.00016188699394025484,0.00016188699394025478,1.970973368901194e-06,0.0007081610710545934,0.0003033084266532637,0.00024332287518590554,0.0003185280670682254,0.00011509779733967483,26282.719336583792
0.027530388557323603,0.10336258579893556,0.10336258579893556,7.104046302887133e-05,0.0023285379766500775,0.00043628701510076584,0.04270398233596303,0.006391809419147346,0.00014737083245819208,8.157850547978594e-06,0.00029334218587813985,0.0002933421858781399,0.003916563761075612,1.3781576424004825e-05,1.3372311913280362e-06,1.0364459440480595e-06,8.338401264122219e-07,2.1628627134582523e-05,6.46425848921527e-07,4.6125936473097464e-06,5.316810729980988e-07,0.0005113549069108117,6.858996465421617e-05,1.2160816688194096e-05,1.2160816688194091e-05,2.293949026727001e-07,1.3441627271591758e-07,2.926729762748198e-05,9.444218068087281e-07,0.00020489439711981477,2.780123833282406e-06,3.5590280365921076e-07,2.2074534763748745e-08,8.454460887548167e-06,1.3657182163927161e-05,0.003941895221816562,1.3350581075289493e-07,1.4009730635703795e-06,1.930125827076536e-06,3.349137853319772e-07,3.0670492193871995e-06,5.7254873506122285e-08,4.577999179541352e-07,5.212989702110735e-05,2.8330919817859498e-05,9.630883099314489e-05,9.630883099314487e-05,9.63088309931449e-05,9.630883099314487e-05,1.1872193760424643e-06,0.0004217670632173125,0.00018045575965134884,0.00014476271948187476,0.00018956022067221438,6.858996465421614e-05,15636.206089018982
0.00881699191389236,0.0017918288517818175,0.001791828851781818,0.21054435702235566,0.0019085412215077986,0.0015729723884893422,0.0008767442568181145,0.01078616248164065,0.0015207885260024585,0.7091563507373672,0.0215702341354131,0.021570234135413112,0.0025577043261726094,0.10849491323708217,0.08318012475337666,0.001893853063804808,0.0006279993689586877,0.0018794709783647458,0.001094447553006416,0.0005130011971215213,0.0012128075554216527,0.0018645057520179239,0.002365798815487962,0.2362260164957927,0.2362260164957926,0.0022398044869989843,0.016683263077165188,0.0012596540364975864,0.00041184690937658044,0.00040861821634926963,0.009551559870385534,0.005332153311451695,0.009514714723271787,0.0034797888491679774,0.005406704689477882,0.0011689006360000173,0.0002707752854372651,0.0005776936105054248,0.0006549999831601542,0.0006328223538005719,0.00044611394925687156,3.546111244932041e-05,0.00021874013793637896,0.006796658534574131,0.0009132569470181718,0.0018880547648533017,0.001888054764853302,0.0018880547648533017,0.001888054764853302,0.0019907412147533794,0.013784017990761113,0.0012755011633351627,0.0007524656181659452,0.0034314116174192937,0.0023657988154879633,449388.88533981727
0.13101157509357825,0.022018020514327385,0.02201802051432739,0.001969577446057714,0.25705415524558384,0.02351283144525487,0.0021090444420410258,0.008441498819219352,0.019275366594298373,0.0013544066428184665,0.026860913354685167,0.02686091335468517,0.014893321867759846,0.004026159207890408,0.0008033679343415143,0.0017206667652287847,0.0019909454189943297,0.002016246947576678,0.001537756061329415,0.0014577025927641084,0.0009541708382672726,0.003113175968673516,0.005494338353803016,0.000812153222154588,0.0008121532221545883,0.0013580348413917119,0.001109702441118755,0.002647613518589618,0.0033127569968238128,0.010737140726902352,0.0005722349246720405,0.0016551408365321149,0.0012027636575270308,0.0006969827550045356,0.0009511453904892435,0.22420678372321737,0.0010010148849478127,0.0005461103838156369,0.000508501588937421,0.0005884172753187544,0.00018927833293452178,8.872096335519826e-05,0.00032366173128717306,0.0003359137961167589,0.0017162962820767428,0.00378305998456533,0.0037830599845653304,0.0037830599845653304,0.003783059984565329,0.0009178693002497069,0.036939528606558775,0.09701457588353724,0.029241281964449677,0.020851088353301798,0.005494338353803016,401617.15219135745
0.0009542447565001547,0.004391182575508813,0.004391182575508815,0.000165313191285425,0.00027079449574179574,0.2249122333132175,0.00668762687451708,0.017651285497618345,0.06576070374670198,0.0002885907005763879,0.00038517219568094983,0.0003851721956809498,0.014270534431331342,0.0040782672368411405,0.00014587698563543565,0.00017141914467386414,0.0005265096656132163,0.00027349375576910553,0.0044636446111432975,0.011456824497053156,0.004927635928111007,0.026311988285265427,0.008933893540899409,0.00016256205490171216,0.00016256205490171213,0.0031265723657468397,0.002261183928718483,0.007841400239745604,0.002323985690732563,0.008122665377999385,0.00017099341667061404,0.0022952922845427028,6.336603159454658e-05,0.000330518296237114,0.0004439062741222589,0.0024204056133034745,0.00027781999967820453,0.0030814779580479726,0.003663290772662127,0.00034798672525039576,0.00031404429648433977,5.423080413257671e-05,0.00018187093163589784,0.0001426442608955796,0.0003587598064261557,0.0007389145156119841,0.000738914515611984,0.0007389145156119841,0.000738914515611984,0.0025755300828360444,0.004446496965877249,0.0006663286344359482,0.00327882185925659,0.007202167434598065,0.008933893540899407,50740.2644249625
0.00231088998260805,0.015166193582101242,0.015166193582101244,0.0008817141621871496,0.0007812579950665138,0.001082898057517311,0.28762003616516013,0.03783659826547905,0.00036743853508390285,2.741916937106795e-05,0.0010656478921458044,0.0010656478921458048,0.009106217961182566,0.005238776750886841,0.002209690972566564,0.002143813108787761,0.003125350708118259,0.004479504363438475,0.0047252323697345765,0.006931124647591189,0.0019040301897886153,0.058185889217877075,0.001227138626512324,5.31493873880285e-05,5.314938738802847e-05,0.0012902647726059082,0.04653654963644584,0.0014280259028444085,0.004050901794924191,0.0028346302288813187,0.005429003740396805,0.00022032379094410207,2.929665982117115e-05,0.001483404126800182,0.001262438254901353,0.008341951795081426,0.0007705485252648866,0.002142830388231092,0.0018601607939939151,0.012412632110014312,0.0002519520175773786,8.687503646331523e-05,2.567979331953998e-05,0.004869681000380032,0.0004119767556384508,0.0016095077187506007,0.0016095077187506012,0.001609507718750602,0.0016095077187506012,0.00587981030620169,0.0030658010916099782,0.0008417942685014059,0.0014458284082199358,0.0015993738727014587,0.0012271386265123238,81704.70936590509
0.0025414022613840922,0.0009956244063459032,0.0009956244063459032,0.0020145223993795064,0.029255352550343224,0.016258399822109547,0.009235658790886883,0.3079485706003723,0.13592338969512907,0.0004110787771762893,0.01165375993727095,0.011653759937270946,0.037696208490510544,0.020163719387914232,0.012154624597857544,0.015511985256526561,0.009809533264061051,0.01984840140090326,0.012632480409122931,0.009823147928774771,0.007881479094288685,0.029348100236285847,0.005858493064409984,0.00048442435086663415,0.00048442435086663415,0.008237024840955332,0.00667825578365537,0.00424188401179545,0.006839110743696458,0.0073491810366334,0.002326265026079176,0.0009675391479430343,0.0002804467440029285,0.01295402564530701,0.016918505925059498,0.013119177865473175,0.010708833094741669,0.0022922743483806524,0.0016621986161951259,0.0031617084091338423,0.0025892166101979044,0.0009702451458396729,0.0008827505446699,0.0005862782455147165,0.00397726930783194,0.008630464090406806,0.008630464090406804,0.008630464090406804,0.008630464090406804,0.008139938858748167,0.008196239289179732,0.0037951234740549104,0.007583562211910456,0.004949033564523239,0.005858493064409982,140686.59918711084
0.00042201332274641927,0.0010079466406193453,0.0010079466406193458,0.00118726319490355,0.0009404875194917125,0.013073773681600275,0.001267783848340866,0.001747756174388095,0.03487880131464211,0.0003471138443729026,0.0018562934875028957,0.0018562934875028957,0.0017086930081622565,0.0010642873018591166,0.0005535556313388737,0.0008808082944216148,0.0016324521526880804,0.0008138275872797078,0.0011927073718362474,0.0013995155278122401,0.0012428740702553121,0.0031200879887238815,0.007693655803829067,0.0010196699452049416,0.0010196699452049414,0.0018395124784282178,0.0011971800375846886,0.005760801586294238,0.010638077745689955,0.011903799419522769,0.001566874178138216,0.0011098972612799925,0.00041730285897294744,0.0013399660964920658,0.0013074616258209615,0.005044752569434998,0.04598288955099263,0.005640312036578407,0.0026040579036862807,0.011576247372636989,0.0024535157208130597,0.007993626620980854,0.012233485667819208,0.0005715041241848349,0.009168453546995957,0.014453253411216779,0.014453253411216777,0.01445325341121678,0.014453253411216777,0.007878332459337082,0.008777998367489662,0.007608109658638164,0.006300418490917708,0.00853002120452761,0.007693655803829065,68114.1395159477
0.07442453474717918,0.05275672416503685,0.05275672416503687,0.056724295317793307,0.00560989569350906,0.011801967649859416,0.015414326733092105,0.028804103524710998,0.045218188605338897,0.048507851918102446,0.05733509584249935,0.05733509584249935,0.031200424753527665,0.023113525509568293,0.015886313699471796,0.01155294903091502,0.005766348306438188,0.022354239444778566,0.01268542427243641,0.004131005728480726,0.005561007258389193,0.011555986161743605,0.01602900092395216,0.15469176087699557,0.15469176087699563,0.03914108824679397,0.08576361685736403,0.01146646918741628,0.007563731755042668,0.00585532560639479,0.2724919638981731,0.222823192198108,0.4070487268182298,0.06950184136497892,0.10277505751066428,0.009683285134239283,0.0017390207428100524,0.001708586150984302,0.0018714525902967546,0.003468471190567102,0.006956564880045446,0.0001896876813284519,0.001327037866405644,0.003428008067270695,0.0058152140132672215,0.005075190223791657,0.005075190223791655,0.0050751902237916565,0.005075190223791655,0.02196205272364954,0.1033511084853347,0.010810990049369015,0.01332775695531694,0.015072139833542305,0.01602900092395215,439692.6859727948
0.03508490371271365,0.06358059510275729,0.06358059510275732,0.02926484201979269,0.007941359093029038,0.08558058396215923,0.02249376842117292,0.05087239930548219,0.05700260090188333,0.012455691984805475,0.2549119051486359,0.2549119051486359,0.22551875870246316,0.04058467484991947,0.010241610704208036,0.026590860729668014,0.02765025567141843,0.028272716202126354,0.02018356557486117,0.015223268775668397,0.01194314534120319,0.03864206832177137,0.011033196811750646,0.010135418650489138,0.010135418650489137,0.01988964779221282,0.011817243517227157,0.007142606651791401,0.005335713514787434,0.004145747763397254,0.0029950299061627934,0.0018387806395778177,0.0009256660520325555,0.004706752818965063,0.005220344195981359,0.005484094351680759,0.003728088355265453,0.004991925878812938,0.006132500984094501,0.00555668118889634,0.0019328934706713777,0.0008677991560224385,0.002191020766186149,0.004423013115102317,0.011206449416361322,0.018347173649561718,0.018347173649561718,0.01834717364956171,0.01834717364956171,0.009965588380048787,0.012308288632467837,0.005676603595797334,0.025577289456745235,0.0096034024672477,0.011033196811750648,268551.4147556738
0.017997914744736207,0.03269822773355313,0.032698227733553124,0.014635086264639644,0.0036669317474047496,0.04418590883597026,0.011308035741445883,0.026053365505519184,0.029165549002381573,0.006387524458954962,0.13231625359881552,0.13231625359881552,0.11621927236906794,0.02071529094261749,0.004372277546537429,0.012789886021274862,0.01288570694355962,0.013395184498329982,0.008998925227711466,0.006853199498827629,0.005274664566123054,0.018936868968198923,0.005228465024617651,0.004997981095945202,0.0049979810959452,0.009741122457883764,0.005376567410907621,0.003153416705242258,0.0021594656355824102,0.0016247717076781174,0.0012474132837881331,0.0006721174980660805,0.0003323067916157658,0.002053945377212015,0.0023034202237630264,0.002284246665323247,0.001563210869648583,0.0021003649208492818,0.002598803686240649,0.002247322324879392,0.0007196480323898374,0.00032195313060364507,0.0007976699732234932,0.0021920465573793233,0.005158939748414358,0.008728101317199484,0.008728101317199482,0.008728101317199484,0.00872810131719948,0.004636721857109832,0.005982624953573187,0.0025781638876797032,0.012873414803384376,0.004527212975497613,0.005228465024617652,133361.4671104486
0.007430172627220654,0.009829826676116067,0.00982982667611607,0.009531846422571173,0.022133462951474794,0.01169665452836793,0.009753417236666022,0.020270641486264233,0.015170542370400499,0.0004217270425334624,0.01714837500457932,0.017148375004579323,0.10317027451208842,0.015263939811970143,0.008301083923848864,0.014947642265193422,0.01980875065532329,0.02494693628656738,0.03919974082654252,0.05661901985392701,0.02091346620674173,0.06186046472762729,0.01930352553124425,0.0005976721102961319,0.0005976721102961318,0.009595442120346189,0.028935998571154496,0.018845838044379858,0.01163246131098736,0.01043755626068641,0.009022222442441361,0.0006524723683909102,0.00011911420652826333,0.019430795793524566,0.02708650182447987,0.01630289140394105,0.003204473118140814,0.005284696814160207,0.007046275693218048,0.004505087038416208,0.0003770061434738187,0.0019378495673941236,0.0005570868312389541,0.0012238033748531321,0.0029690907762103505,0.009541564703804732,0.009541564703804736,0.009541564703804737,0.009541564703804739,0.00852289747558063,0.00827856135269813,0.007680937500472731,0.012699722697219671,0.012644699207482247,0.019303525531244252,165877.68617577865
0.00041105947236089977,0.003098552570966278,0.0030985525709662782,0.006570590112352073,0.007163172087370215,0.003962763499108629,0.015993154183987605,0.003751493946587111,0.0012912299059624048,0.0017592932352699122,0.004587580936384023,0.004587580936384025,0.012150148771732514,0.1673947032939384,0.016308531756565717,0.006307652825321253,0.004938647803243951,0.01992532076986342,0.010196957985828098,0.014544340124795212,0.0034873260631119113,0.008460748869896237,0.0038745028463283235,0.0009345256387771861,0.0009345256387771857,0.002481775809096682,0.07364519114967352,0.003230533516429287,0.0006546222561006887,0.0015419838440628533,0.000475477789052651,0.000182099645690227,5.2898708979863845e-05,0.0009754783560360608,0.0008210349625438147,0.010253538793224676,0.0002115181841559302,0.0023542452966800165,0.003411000369530721,0.008490184736582161,0.00020069947232814658,9.174416138843641e-05,0.00011602798071491532,0.0009418050967100018,0.001966693904665251,0.007561333631004808,0.007561333631004807,0.007561333631004811,0.007561333631004807,0.0031690162230765067,0.002924745254400167,0.0014313730629920008,0.0040838270599238904,0.003142489388664302,0.0038745028463283227,92697.92097560312
0.00063707182193309,0.0002900285221779092,0.00029002852217790927,0.020886720355658448,0.0060410685707664525,0.002692718933500882,0.004354932351062743,0.003748378147701504,0.0006545618052263056,0.00031405916275041037,0.0009556188100005793,0.0009556188100005798,0.01030947282359056,0.010773996072053928,0.3468114741201847,0.29753492264180614,0.05824333375664682,0.2505790156504824,0.13514977254981406,0.07035034075683153,0.07357474508868868,0.08323167900369026,0.0028133496472628285,0.00018701575921804389,0.00018701575921804386,0.020153386906038864,0.008730912033690365,0.0013559686996806122,0.002000656652833086,0.0023989807614338806,0.004620424590382459,0.0008300644797283362,6.720315450580672e-05,0.0009836944724635822,0.0015905833451282658,0.001222713734089371,0.0003097265004247269,0.0008395137754998841,0.001006901675953173,0.00255167506450039,5.622584529269716e-05,4.1657569986108995e-05,7.109601025467693e-05,0.002363678145000766,0.0013360783666742915,0.00520551229278289,0.005205512292782887,0.00520551229278289,0.005205512292782891,0.0032147328985143607,0.001259800908526974,0.000988742619160274,0.0006143330050388862,0.003016561800492685,0.0028133496472628277,244102.92225936812
0.010264791155877877,0.019568643813418496,0.019568643813418492,0.026133154468355686,0.01931616032829583,0.011978809322441759,0.03730779453479037,0.0374406234199504,0.0252374648563462,0.0008043347267246808,0.0164486354309128,0.016448635430912812,0.04485613395563725,0.038048671294927686,0.0397006450413813,0.18354317228719727,0.08730881268625056,0.12786049585806242,0.1407930934639923,0.08755836449373637,0.08753911541491964,0.06372263983078497,0.017848351707685357,0.0026481814181225256,0.0026481814181225256,0.0527694486195059,0.10144397251025147,0.010960152214514424,0.0034417469972355427,0.00366583586670449,0.01869564564726813,0.028900342418285697,0.002133054066532111,0.011299883978428443,0.012490339009501424,0.018536866443314017,0.00615878451883836,0.017730294595404837,0.025889716762041208,0.017658403023504347,0.000504181478022176,0.00033082775401892576,0.00035174219740994613,0.0024870740183437707,0.0048204277139267965,0.010689019227624422,0.010689019227624422,0.010689019227624417,0.010689019227624419,0.010882310908373365,0.013662968147539525,0.00373156969966984,0.0037528054408307323,0.013105374940030792,0.01784835170768535,300076.2991493498
0.0008773758730116746,0.0022231168112253437,0.0022231168112253437,0.004074163319638019,0.0024594390719237013,0.006045522711163995,0.00626380326611792,0.009681735287663546,0.011633019151344114,0.0009108468060612317,0.005667772215512603,0.005667772215512604,0.008175316467126013,0.007930137742908069,0.009946874023811055,0.014593493561843088,0.18709578051218237,0.03234813500426669,0.021358060254357405,0.02272083514250454,0.068708347170995,0.01849801233185829,0.011303474256660683,0.00246222667726787,0.0024622266772678695,0.014074119048531846,0.008148064536894506,0.00897587081830782,0.009282480969289693,0.005354051987895375,0.0023220610550414903,0.0019280603699040738,0.0009923561986725725,0.00226899722679368,0.001425514519120549,0.003852241639078422,0.011380404868136957,0.0336190106827099,0.04620773641154878,0.024515451608299123,0.007772213771903236,0.0015273070317217156,0.006545392576575726,0.0011411686107170194,0.016327192006377535,0.015254476823097197,0.015254476823097194,0.015254476823097194,0.0152544768230972,0.00882073352508488,0.014051995574588293,0.004857559263496484,0.005734139221618235,0.008428040245794414,0.011303474256660685,140378.0584302798
0.0015240788654450033,0.012231225511811402,0.012231225511811404,0.0014485300281380578,0.001180497400763782,0.0009174517510674438,0.00870455270744325,0.002640413003782066,0.0020861378963007624,0.000125743832476576,0.0014295564960201763,0.001429556496020177,0.00469924350637387,0.0019015859233051306,0.008945993425238231,0.011299285130056189,0.027548277425527602,0.0804798533909152,0.041689619487379044,0.009241183741729955,0.015051358996242572,0.007163367111941574,0.0054959276499791185,0.0003343298735282781,0.00033432987352827805,0.010288767355245202,0.032707293244739324,0.002845879162263227,0.0007753982135859599,0.0017187627773244804,0.0014838312090333296,0.0008315838061068741,0.00010902129845767952,0.0029997970177183396,0.0008562506354298338,0.003914195997619567,0.00035419849994698264,0.004066266697069976,0.005945685980993665,0.004789090094119044,0.0002780334661470855,0.00014611214702936565,0.00026167591149197267,0.0006215032534345479,0.0026442732544947486,0.006596208298447666,0.006596208298447665,0.006596208298447665,0.006596208298447663,0.004215327015190454,0.0028846488077620795,0.00389316456472477,0.0009537819690517665,0.003918751736333415,0.005495927649979118,63828.27120894523
0.009131130461418162,0.013582949068034214,0.013582949068034207,0.05066875100492744,0.004204748513933387,0.0013070138428857036,0.006218370440625431,0.008084901172162002,0.024051590571560536,0.00034892568514836733,0.009354657741526325,0.009354657741526327,0.011185799643853016,0.00511518892584323,0.012014225199512688,0.018574083589640234,0.007295002597236149,0.02679775015337784,0.1161481954738849,0.051160166388715886,0.025697193419103443,0.00955499826044552,0.015729760081832123,0.007234399138098372,0.007234399138098372,0.055779555702493565,0.031248118707333693,0.010894567871272118,0.003430593640057136,0.0025289631775267858,0.0042718146718716135,0.0014101035476925194,0.00037347560093890434,0.011576129624289179,0.009358133219597857,0.003962204173566487,0.0016362908040434788,0.002560819822368671,0.003207093468720166,0.00535940211158973,0.0005720704349722604,0.00028792536039772107,0.0008343023633928622,0.0019683568410984093,0.002724527026768529,0.005177970046590892,0.0051779700465908905,0.005177970046590892,0.00517797004659089,0.010081084717820337,0.004582104194880406,0.01502429479844553,0.0018252127271914567,0.010100747005375013,0.015729760081832123,125432.32592567224
0.002959025447399994,0.007678134793595644,0.007678134793595644,0.005556429748952123,0.002742374902605956,0.0018577366163928175,0.006679322133448671,0.005338514040131444,0.0034331533503420353,0.0002935734046832385,0.002031164511700946,0.0020311645117009475,0.00303703374832516,0.005997115009352243,0.00393938291366572,0.005959769871525514,0.006574930348011109,0.005299470946405518,0.03854605905224179,0.28359458932819087,0.02189799685162214,0.0058049824030233736,0.05280183424623121,0.0007538046289579473,0.0007538046289579472,0.027028993558217994,0.010849400577571,0.06992814756826134,0.005602275701010885,0.007872319067372577,0.028564029337679372,0.0010646083747523295,0.00019494669075443386,0.010310821851435111,0.0080270780063912,0.0025360986580515747,0.0023049256781954492,0.0019147936828957178,0.0023347472075571697,0.0015248257066207138,0.0012203972548140182,0.00036523405258094067,0.0011308481125504653,0.0005316312450742931,0.0033342244121746974,0.005734544273192473,0.005734544273192472,0.005734544273192472,0.005734544273192473,0.00957645079939119,0.008911714399045171,0.006618510162098707,0.0019464115964577592,0.03210612262234557,0.05280183424623119,183997.12889266442
0.0005639355395806862,0.0036694357644527203,0.0036694357644527203,0.002731273291984932,0.0006760710508898619,0.0024553452222094265,0.0015977137520774146,0.0011881173252397195,0.0021887469440964582,0.00032390445893930184,0.0010778605210814325,0.0010778605210814325,0.001509933356001666,0.0011871721942251054,0.0010195663087334455,0.002316977513297142,0.0026115213599698507,0.0032245268754198275,0.006369653570142053,0.007874771747636494,0.2590293649232485,0.00203616690097506,0.0028375976628633613,0.0011181290659164674,0.0011181290659164672,0.0035171484486350444,0.0028064843888770063,0.0032240171997761323,0.002018126405152461,0.0019507249039855887,0.005870409728667467,0.006603633713648196,0.007011839236311655,0.0062994400214761844,0.0099927031255913,0.0014976980401181874,0.0013192102504712454,0.0015371736937460911,0.0016852728307473963,0.002628715808178054,0.0011681103860783418,0.0005021385766872408,0.0018916295988535038,0.0005921619184833636,0.0037804603138444056,0.005607854071186231,0.005607854071186231,0.005607854071186232,0.00560785407118623,0.0024870755198804022,0.027927287498530313,0.0014190961454517905,0.0012636793745014353,0.0023235154411203347,0.0028375976628633604,98284.50256792927
0.0017857705762722084,0.0018718865435311202,0.0018718865435311204,0.0018968319086150823,0.0009133009968365589,0.01218840490533818,0.006789186022777141,0.001969611463613465,0.003431524002923375,0.00031561527993081333,0.0029896508095111495,0.0029896508095111486,0.00497098183701642,0.003575907465210452,0.00515090912839901,0.005387327445321399,0.0044113248545919635,0.00940120306613552,0.014564180241814866,0.006536710481246098,0.0031276716079974808,0.07558263464259622,0.006503418368448979,0.0006720478275945463,0.0006720478275945463,0.011809606185722115,0.015352594407431922,0.005043553707878366,0.003199597959318284,0.0031581295474249526,0.0008611625647066991,0.0008537680517917537,0.0002977562276825989,0.0025454639320182325,0.0020191795693476023,0.0050105277851831284,0.0010448645300658193,0.0011820764482475318,0.001440209712053713,0.005963065057750402,0.0009554472141593485,0.0003078037678786218,0.000803481715802611,0.0040477127733818405,0.0023310927355092177,0.005890058592582408,0.005890058592582409,0.005890058592582407,0.005890058592582407,0.004762634713421178,0.005105413682248448,0.0036491759983086165,0.037156761367939786,0.007248021368472165,0.006503418368448978,84521.65274704363
0.00019132379881244043,0.0007941399157211667,0.0007941399157211672,0.0002081874834819,0.0001890371839480266,0.0003663169543434381,0.0004097788642536057,0.0004812390965775589,0.000552011909116324,0.00019896647773138282,0.0002464199595340234,0.00024641995953402347,0.0003236575862547238,0.0005293352230736045,0.0004138716125830573,0.0003808164813885849,0.00025880369135504607,0.00017611204507644805,0.00022569180668435295,0.00017876269383568062,0.00021409107187496545,0.0002902080682223876,0.0014453761254268156,0.0003120515958817104,0.00031205159588171044,0.0017043993320754699,0.0005363211668380379,0.001283425352608427,0.001735382398455968,0.0010759281984931994,0.00038875617750168385,0.00018128369687824228,6.622945777792595e-05,0.0014162569128001654,0.0005147184161472814,0.0010413675919393951,0.0003878487295241778,0.0006952606648664714,0.000918110625453854,0.0009671317746241078,0.0017741136680774286,0.0001566262505939097,0.0005030145107029413,0.0008980635238085545,0.0014032677455210053,0.0011260786618279618,0.0011260786618279618,0.001126078661827962,0.001126078661827962,0.002254654598824873,0.001116116318688737,0.00124479530142618,0.0019495323986734193,0.0014462542357099113,0.0014453761254268152,10514.895476818254
0.015731129989525403,0.0036678040309965046,0.0036678040309965055,0.019374208502569004,0.010945993262835532,0.0137428357655579,0.01775300961854217,0.04195199614091481,0.015730193875668548,0.009860595932477744,0.027435948655293755,0.027435948655293762,0.019185868838933584,0.04581075163546101,0.02916566087429186,0.016055307227828934,0.007445687317055733,0.009671969864701162,0.007878574615470115,0.0051047440866396265,0.006977760853563889,0.008542518700178152,0.013840350997423397,0.020302674839215405,0.020302674839215388,0.007389947874757583,0.00385396344563323,0.013830465714741289,0.007536604956061264,0.016135003308646652,0.005435653360470792,0.02543235290581166,0.0012639240213845773,0.023195535689877044,0.010407897889267926,0.01709456418285896,0.0017779957585711272,0.005068965347192094,0.0062262594804207315,0.005342636438324442,0.0031466530369466585,0.0006030175042123461,0.0027892527215409406,0.07284267314525135,0.010337804953607095,0.005029702800400302,0.005029702800400304,0.005029702800400305,0.005029702800400305,0.005672517830551981,0.01985669967965947,0.0749161615591581,0.012340017665286316,0.01523880391960084,0.013840350997423397,195107.39390530507
0.0005366995423318672,0.0001251366775886144,0.00012513667758861442,0.0006609959017024033,0.0003734453940339188,0.00046886434130272,0.0006056799215408748,0.0014312713764022462,0.0005366675041049456,0.0003364175224012446,0.0009360289153964255,0.0009360289153964258,0.0006545632614307767,0.0015629239614916878,0.0009950440162432665,0.0005477587710464435,0.0002540259561050503,0.0003299789120947616,0.0002687949273689653,0.00017415942437329593,0.00023806171177211284,0.00029144659043626146,0.0004721922387610113,0.000692673534297201,0.0006926735342972011,0.00025212326001557487,0.00013148781740641324,0.0004718553659834359,0.00025712775169390645,0.0005504787951594578,0.00018545187094032824,0.0008676714858524547,4.3122328107170764e-05,0.0007913609974108695,0.00035508939300502463,0.0005832142759793485,6.066365473197353e-05,0.00017293902861113158,0.00021242216439504132,0.00018227955879379567,0.00010735727791363814,2.0573898251617707e-05,9.51678564128752e-05,0.0024851773496221705,0.00035269901990049807,0.00017160140588090453,0.00017160140588090456,0.00017160140588090453,0.00017160140588090456,0.00019353340898987207,0.00067745997668303,0.002555900655905364,0.00042100412839255835,0.0005199026325317684,0.00047219223876101126,6656.504285168832
4.4348748474944746e-06,0.0008220461522904634,0.0008220461522904637,0.009910033991007356,0.0019891112534371844,0.0035863493431402952,0.0025515841133369834,0.012659379031880235,0.0028213231122859506,0.0029361174805792884,0.0050143956026590525,0.005014395602659053,0.0024822782719956275,0.004229945650427627,0.048027787245774375,0.002975002886643277,0.0012471838684557511,0.0012724517789087085,0.0013099267101002328,0.001008697259883078,0.001675772961686921,0.002248772395709768,0.033937147159102905,0.0047534754739029204,0.004753475473902922,0.15685044433689038,0.004259782195881984,0.01801994755982445,0.002389816171614625,0.0034536503064315684,0.005969821849664069,0.0550782150454024,1.583113061282541e-05,0.01800837806955729,0.02588208622766473,0.005157393314580361,0.00034720044957473723,0.0005744735656058373,0.0004756956534100801,0.000750220415215447,4.124978491720095e-05,0.0009351366904508079,0.0007186284466617415,0.011230816730787577,0.002413769667297425,0.002559581803315415,0.002559581803315415,0.002559581803315416,0.002559581803315415,0.004468232807265683,0.014104515050979531,0.007026563125501141,0.00481768041931083,0.021860640310793125,0.033937147159102905,81127.85260738443
0.011289813366095998,0.004513757155845736,0.004513757155845737,0.03090827392372167,0.0019158649760158202,0.003089635031244025,0.003674393485655704,0.005021194307892499,0.0051673392219603945,0.017337206350442922,0.0027139294513971943,0.002713929451397196,0.0030381124115400732,0.0050966041025563924,0.004262220620241076,0.003308701969165774,0.0026689167062256113,0.0018017781144510825,0.002065901167285708,0.0017779773273894424,0.0017029117510190947,0.0020987290193228278,0.015269658933582762,0.03873541711938101,0.038735417119381006,0.0007377106869203044,0.00032254397721434406,0.009554205249057255,0.002913213054762485,0.005235621318254163,0.008857854504229313,0.0011405507456734136,7.413162158157537e-05,0.013653770101573197,0.01981539863629398,0.004821961797105505,0.0004399993336609179,0.004475324198057736,0.006160434676583093,0.0010950838505399325,0.009779956157873086,0.00018801129810167326,0.0014834052041324392,0.16600689475721625,0.002489709781116738,0.0013205803431190816,0.0013205803431190816,0.0013205803431190816,0.0013205803431190816,0.001755646819462839,0.06377227910012336,0.004086959889234389,0.0028336024936922092,0.010399995042502391,0.015269658933582762,236547.2443013802
0.001292932752875059,0.004361859339061178,0.0043618593390611785,0.0017460832523164842,0.0015541933662948381,0.002284498401966317,0.0030453276999401107,0.0035206429762898238,0.003693128210796409,0.0010517729931586017,0.001676375652616951,0.001676375652616951,0.002250210622919188,0.004094834838616389,0.0025078803547804226,0.002717755721150793,0.0019738844043631857,0.0009848369501075155,0.005481446898760869,0.00265863557177689,0.0034627982857532006,0.002703968688087254,0.018828818556429688,0.0022752448085156707,0.0022752448085156703,0.009621843346686755,0.006262253825715071,0.02254280743080446,0.00978451752286341,0.007785776335091464,0.008440679923867484,0.001467761482735748,0.0010965845413510953,0.009140238137433808,0.004884085215917472,0.00595124408436278,0.0027056740646125353,0.008656291435650502,0.008503317693394278,0.00571884710787334,0.011417993147669498,0.0013253987351745458,0.0035917563403150654,0.0056685528286556045,0.008637245952927197,0.007082989344657853,0.007082989344657855,0.007082989344657855,0.007082989344657852,0.014034433595064174,0.006155989091683741,0.007031776785886786,0.010245729401916587,0.017973217522459797,0.018828818556429695,74301.8417492929
0.10499097852430181,0.12317210565640029,0.12317210565640029,0.049397998754133504,0.08941799060115725,0.10518768154777045,0.11116413578612684,0.0860816891313423,0.06691049587738587,0.03054447430236247,0.08408324586786797,0.08408324586786793,0.08146429438092943,0.07410585930631791,0.10243579357315621,0.07835750239225722,0.1398709112397612,0.14149820637782917,0.12856304825263895,0.11873630279040019,0.07689715319800297,0.10814718681712666,0.04686832595446044,0.042414469349860706,0.04241446934986071,0.057323098860041076,0.09902177949252564,0.05041929342461425,0.08200350597642578,0.049965358608799686,0.09428452484480576,0.08705522515825335,0.043810432979042156,0.046871509276373124,0.060824095173090675,0.061551130435664285,0.11888127703302136,0.029487292865659195,0.03754417284929338,0.029905627534900215,0.009753894760616597,0.0027540425126572655,0.008814921700443326,0.009011848009560328,0.020997943887104697,0.03089385531139834,0.030893855311398336,0.030893855311398342,0.030893855311398336,0.049109511948400714,0.04477273556709201,0.035399530610328266,0.046760556965670046,0.042048314047422646,0.046868325954460444,700570.7956123825
0.0032414693084920044,0.0018719973643255667,0.0018719973643255671,0.001839240359752892,0.006149893857765434,0.00359978417584049,0.0027597401999388993,0.002677480370370918,0.03721760659629887,0.0009358598133191462,0.010261778897537556,0.010261778897537552,0.0024013905921926944,0.001578670536179362,0.0007823368812862087,0.001855240932505862,0.0019229478959674993,0.0025920207834404805,0.004019827573396044,0.0026980105600577092,0.0012134395147381696,0.013809162730003112,0.012752033548272895,0.005398262740215239,0.005398262740215239,0.003692486030709828,0.16808085395874825,0.026081516164600513,0.004584893706721562,0.00953655224226646,0.013672171111382714,0.014211347709721371,0.004298071318932022,0.0071269744865853635,0.0094950486907041,0.02171024149853199,0.0021903189539698416,0.002658164309407564,0.002145034882117224,0.005486978497382274,0.005200242427872743,0.0012907561122870903,0.0026356070629639326,0.011795757800532637,0.004131795804855952,0.005182025395007414,0.005182025395007414,0.005182025395007416,0.005182025395007414,0.00693900633268844,0.003531941599491489,0.008783111876506705,0.004892232111379228,0.014051243536861864,0.012752033548272887,151263.13675752666
0.04123655307691047,0.034284938010209355,0.034284938010209355,0.0672524827742008,0.044469653662116505,0.028030451958337567,0.04895041072344253,0.05221067772469393,0.02760908035710291,0.041087126847808186,0.03140279932847626,0.031402799328476276,0.03592777085211153,0.11333312370924549,0.0746534499724904,0.025747522757850534,0.017795915628538123,0.02812045461062701,0.024694946107685814,0.022038254092209008,0.01903933958504593,0.031236045041553365,0.01175330807388404,0.09015493050534334,0.09015493050534333,0.018121833397154157,0.03651791586047172,0.020488509447640104,0.013340377902856896,0.03219658278200669,0.0421828202497922,0.015005532315753115,0.013851631507768247,0.020044620778041148,0.026389483672536344,0.015596477106332308,0.012639198292375127,0.0064389155392994765,0.0070855080401663485,0.014355182702241088,0.007881653349170674,0.0031352591825215465,0.004975046540626442,0.004801013487454387,0.007660108137325537,0.016141839051969187,0.01614183905196919,0.016141839051969194,0.016141839051969187,0.012813431107745268,0.02929006353715846,0.012157537741159656,0.010164215015697567,0.017653392440755533,0.011753308073884031,294466.1416625688
0.008018270138278074,0.0015063769768008776,0.001506376976800878,0.0033794656721120604,0.005054849866567363,0.0004047384602009638,0.0004706872594906815,0.0014728012308172155,0.0003206839355548398,0.00025174729111453013,0.004022891240930959,0.00402289124093096,0.0004898215842716599,0.008463961075906391,0.00529706649775685,0.0006324002560729397,0.0005388616606255619,0.0016799161255764987,0.00039140224390546544,0.00023028471956121682,0.00044739771424513654,0.0008648858209844111,0.00040972944593636363,0.0021866086422533673,0.0021866086422533677,0.0009175518130758053,0.003698399017670446,0.0005041351035425714,0.0006464216271151857,0.0006384728113695259,0.0016777449607009347,0.0013402893674511725,0.001839273745469461,0.0014837843225932762,0.0020255681128999578,0.0007396287474484161,0.00014367365538835286,0.00016847098695060275,0.00015902574552316005,0.00023628778366793107,4.8860734977054684e-05,2.2398683534320628e-05,0.00012203984425768869,0.0002346017852257706,0.0021324437857740282,0.008339055156106103,0.008339055156106102,0.008339055156106102,0.008339055156106103,0.00047423863419822484,0.008619963143437069,0.0016728244696883254,0.0004985458344964054,0.0004481737843141723,0.0004097294459363635,28195.765083226772
0.0009034613054872071,0.0011053078353601058,0.001105307835360106,0.0012823775294629979,0.0021688960107510724,0.003487281295377711,0.004765581001814055,0.0034281780847787292,0.00974551758698942,0.0005792347376918068,0.002464387944332218,0.002464387944332218,0.004781747636427332,0.005168175632283416,0.0022784656702393965,0.0045255317795248945,0.002956286100686114,0.0017072773535698456,0.004078835692246551,0.0022074083957410845,0.003009522324186294,0.005112662455318109,0.0034036221319725017,0.0043255964914662385,0.0043255964914662385,0.009328741581036942,0.0021893465452671496,0.0028351265244274653,0.00725796302929134,0.0022112987316752586,0.006803764591364111,0.004012533820084387,4.3280822029632195e-05,0.00805989231862005,0.012204657890323132,0.0031621534231676793,0.006744596524324043,0.0036721247083983397,0.0026651168779432827,0.013749143751617907,0.012050375989407813,0.002455684433966665,0.006744664053160013,0.0023140242672768934,0.005776168624929596,0.009645127573182113,0.009645127573182113,0.009645127573182111,0.009645127573182111,0.01134679114855125,0.009568458392425767,0.008728031996647276,0.0038648433446838285,0.004344011110860527,0.003403622131972503,58711.37892038883
0.004781316626428425,0.015528972168917653,0.015528972168917651,0.001400114992028191,0.0014653847107307012,0.00667053959107365,0.0076152270659334866,0.004000122877532905,0.012069419498676081,0.0013227702421251646,0.00185751210621277,0.0018575121062127699,0.0039722610443592874,0.0066345164353393635,0.002257849528083775,0.005143497426903739,0.003063992548604806,0.0018998120086545073,0.0027797669139681272,0.0027799301877310056,0.004057425833240664,0.009570155243568369,0.00607341415455343,0.029224779762616532,0.029224779762616532,0.008183135056274916,0.0002277996271721035,0.03002405218138616,0.06658920942053916,0.08170741729498895,0.07433492017214781,0.08476579565022868,0.08753129903537266,0.16029921295645252,0.17162419570877982,0.0041394377364894885,0.012987109871868128,0.004998520033054595,0.0009576256630161857,0.012845204526904002,0.0012261448321015697,0.0018373958725232484,0.011606544528940678,0.0002075102065113147,0.004613654238937586,0.01110846322780363,0.011108463227803633,0.011108463227803626,0.011108463227803629,0.010499749840555649,0.004663731868398127,0.0029743037486956807,0.005633211674397037,0.007237631941780875,0.006073414154553428,175131.6702961724
0.00020337819399630049,0.016208206115892874,0.016208206115892874,0.00041712041079165155,0.00021825408138948166,0.00035355592327197225,0.002256648228155392,0.0009726663651496384,0.0019514833402634734,0.00032592053261852084,0.00015528906666500728,0.00015528906666500733,0.0005749031095923007,0.0025764170928004445,0.0002639692021739305,0.00016848528966949286,8.44558084271261e-05,8.43774118078169e-05,8.962134331496232e-05,7.652894171227183e-05,9.451876731702323e-05,0.0011744783949693186,0.004183094317983819,0.025975852057525867,0.02597585205752587,0.006614715692184146,0.00010230975579723896,0.009730772510647384,0.0342200168793457,0.016836296609967036,0.05966675226149969,0.07684200470244543,0.0919020219497318,0.09236936265667109,0.14498604336779206,0.0008816082301296516,0.009556100206915615,0.003508671126422888,0.0002869788152957569,0.009567103298658234,0.0012546768495781363,0.0014722345042393321,0.009224979071341058,4.9775822057488396e-05,0.003652541456261482,0.009080511478769416,0.009080511478769414,0.009080511478769414,0.00908051147876941,0.00711464348399814,0.0015900021512136652,0.002248385338496101,0.003963530909581892,0.0052215126353506525,0.00418309431798382,93923.99872431264
0.0017342147702876767,0.0004994497410374435,0.0004994497410374435,0.006183835134561292,0.004047552683738916,0.008216387941922814,0.01231886736266442,0.008315797761119842,0.025278693550003124,0.002272738281970326,0.002914201639032976,0.002914201639032976,0.010162680801157974,0.011810291456813858,0.006205280143169008,0.010581019501065882,0.0040171110722149305,0.0026735757627839125,0.009109138585466026,0.003583594393011324,0.004707782896640473,0.012672102255365289,0.012503957439362189,0.01907809020972291,0.019078090209722905,0.02699971375041979,0.005244911969669411,0.011239348073527925,0.01437227500967664,0.008753745361040257,0.0026744838679492703,0.0004974744231979185,0.01634028893974676,0.004278857855009351,0.0033729681772740596,0.02074907882169039,0.014341673829533379,0.01158709848282044,0.009040550907621679,0.04793273474580642,0.06308576566245248,0.01566412993470792,0.014919320946543817,0.01835332669817562,0.03608148390029678,0.0399281535233309,0.03992815352333089,0.0399281535233309,0.0399281535233309,0.0408853587197889,0.022905832327937733,0.023327671263845596,0.029183993145339527,0.01328461776080901,0.012503957439362185,203180.0637626769
0.0007502460133165011,0.0019820615145929982,0.0019820615145929987,0.004681488757937946,0.0012049257792121472,0.0034228903526229114,0.0024883083239991798,0.0017813833739298032,0.005333635727676152,0.0010698510718704782,0.002208047269833772,0.002208047269833773,0.002025068908682481,0.0025959106090233624,0.0013682305187768743,0.0033153101763086956,0.0052624668615623305,0.00146098768878399,0.002846339107410829,0.0017797778085873084,0.004039029092234309,0.003984143898995817,0.0073286432640982755,0.004087151532680491,0.00408715153268049,0.0025877685973242416,0.002493530431865695,0.007308676445983799,0.0075901704797184865,0.006958919418903861,0.001894720044609934,0.00221146748858713,0.0015405241717221304,0.0024078813884973044,0.0013604736388457136,0.004229597380685984,0.3748479376851961,0.005479524203476887,0.005235301447414053,0.016334087604649074,0.005226642384689238,0.0023578556078010806,0.011423805525494567,0.0017668375324155115,0.019627173437240363,0.018826160438832458,0.018826160438832458,0.018826160438832465,0.018826160438832458,0.012184382368646983,0.014658901504807665,0.007859449406716035,0.006818665402176891,0.006618419290256706,0.007328643264098275,118773.60788489
0.0006740727752774049,0.0009232276106586474,0.0009232276106586476,0.0021842142601814,0.0008047089713595323,0.0023299955906180194,0.001736569765359123,0.001331813372663195,0.0030231678035003043,0.0005804981083609028,0.001275123771935241,0.001275123771935241,0.0015179007667225314,0.0018998235757244342,0.0008586980282408732,0.001910833453864869,0.0031313791603174656,0.0011137283631103172,0.0017072190011648226,0.0010216435623951465,0.0019552211360458487,0.003085702669133178,0.007864013818512634,0.0016875256898668915,0.001687525689866891,0.002916769720999638,0.0025963121771141085,0.009906702999862828,0.008063629490863639,0.006843446719276809,0.0021764448256848972,0.0043854404983622594,0.0019526161973798027,0.003831288223681565,0.002089437650903611,0.0058634555844026635,0.004175926705890222,0.262111563260882,0.1879958551501168,0.011018035781192205,0.004635370841594723,0.0018287142292838898,0.007825510708118778,0.005288335198268287,0.011903032923615055,0.011048663979277517,0.011048663979277517,0.011048663979277519,0.011048663979277519,0.008976621010233877,0.008672901384491172,0.010619652975931744,0.007827759208738105,0.00852419742727985,0.007864013818512632,145431.108498316
0.002572722436878724,0.0034894480538104466,0.003489448053810447,0.008274318458143236,0.0030583361492808707,0.008865835032720615,0.006614693823265251,0.005065678115983302,0.011468792205761202,0.0022003961819449737,0.004822563784404375,0.004822563784404377,0.005783835883582421,0.007239944411115054,0.0032574170464405795,0.007268104523383002,0.011766638568405015,0.004221004728825004,0.006484975797154087,0.0038598890103880225,0.007379255830258788,0.01176383345397963,0.02217857633911728,0.006382136324778124,0.006382136324778125,0.011129319813974562,0.009636036586822634,0.026862481589495182,0.03051268151947641,0.024637923389025203,0.008287260726243032,0.016820621532889497,0.006771421461629316,0.014578571335430897,0.007801709250024545,0.013348428102356475,0.013328709966239784,0.18447041251773857,0.25917848467111365,0.041822212565356176,0.017620981267598226,0.006989103130231638,0.029809380078654607,0.02010605211258452,0.04094210052481684,0.03049831593713577,0.03049831593713576,0.03049831593713577,0.030498315937135752,0.033911433116759745,0.028444494151091407,0.021684092788960864,0.021417632026903458,0.020163797484248645,0.02217857633911729,297395.01251576125
0.0028521051734561684,0.004897257667449337,0.004897257667449335,0.03315386913962949,0.004608880512086182,0.013188851416486609,0.0135034180124028,0.00906210640235945,0.022173808119406918,0.0054565009784015815,0.005346574470162994,0.005346574470162993,0.009066412506899643,0.012751755916213144,0.006109018448973784,0.020643103675622415,0.024019276789692935,0.0054443288084397475,0.021538160487674044,0.005859417733918387,0.023132492445136352,0.01629331955673321,0.01997432417834728,0.016992915364509035,0.016992915364509035,0.013246964347954302,0.006880565963254879,0.025913392233132673,0.020282239286589232,0.02301175221122994,0.0073421971814164756,0.0032638048140071945,0.010635772892097217,0.006835148313891366,0.003802661294811014,0.01195027066871861,0.06106169690734243,0.017917083155089074,0.014962636363562038,0.06995408977552732,0.01938385079483845,0.009016758356308148,0.08730303798001864,0.008219161390033225,0.07917306502464284,0.038192957974460345,0.03819295797446033,0.03819295797446034,0.038192957974460345,0.05969267535404629,0.05681345094079184,0.020534303878791453,0.019358823142303135,0.018336610267898682,0.01997432417834727,293134.6475345602
0.025825600453981842,0.013132705644171983,0.013132705644171985,0.01921409379524767,0.005902778890854201,0.01606391385770602,0.00891010228253501,0.006381162721483728,0.015482871693685047,0.00227762311598018,0.0051952493808138985,0.0051952493808139,0.012578011318032004,0.015642836907591575,0.008627375404923641,0.013183554959598966,0.011042515142056649,0.006341600115124466,0.009685971224294487,0.004726954688095019,0.007777913647081968,0.01416946763246714,0.03772665711558524,0.05427860602716397,0.05427860602716398,0.013009552424153538,0.011727196833631718,0.03663788571602726,0.03408096628900253,0.034213747749360236,0.026758370959406114,0.00963429098887398,0.01884309758113686,0.012754112738676255,0.009947596178872377,0.014748319765035763,0.021095888248206292,0.0159386057228912,0.012023875692227534,0.03355884050349341,0.2922385856602487,0.046134269908993684,0.10890527882790414,0.07131831719244015,0.056331949445942275,0.03578330199445498,0.03578330199445498,0.03578330199445497,0.03578330199445497,0.06405871419315201,0.027883045878546356,0.02373132931839852,0.023023936193797168,0.03316869660130404,0.03772665711558523,395692.66274230514
0.026646558375912618,0.014385568728481908,0.014385568728481906,0.01460141724463342,0.001114230291422798,0.02201879736706309,0.003820273312752096,0.002230782020562709,0.004484792231333932,0.0007246766606127356,0.003192849811833132,0.0031928498118331326,0.0028616658192120027,0.006838229552584966,0.0027660269716641194,0.003926039901370235,0.004682955836414397,0.006656338114353636,0.005143663514466869,0.002591724844466477,0.0022604738097069415,0.0053380188937155685,0.015192644518230856,0.002519441598928271,0.0025194415989282706,0.02897832059704606,0.00026159119561843913,0.02824537848660994,0.03906163332837403,0.018807795300255337,0.041726341566602876,0.03188040488333586,0.0036821959189169166,0.02127265644106871,0.02255258544743597,0.01795750709237233,0.007023039281692162,0.008732667386914222,0.002269140712008419,0.009944186857073833,0.040386112083749606,0.5656558711999278,0.05764005135349209,0.029319252494932464,0.021902308049928328,0.019205349307067326,0.01920534930706733,0.01920534930706733,0.019205349307067326,0.032815551910087816,0.005754358018870172,0.009371088786872367,0.09542744875001404,0.024526125418800452,0.015192644518230856,515831.93891423394
0.0015876852138733927,0.009150682276612787,0.009150682276612783,0.013843975996050776,0.0008300753189528164,0.0017906112310266244,0.0010641550675426939,0.0006545383269727977,0.0034231839860419636,0.0003576376507120626,0.0003936655536135853,0.0003936655536135854,0.0019144841065951216,0.0026429413254648935,0.004546641000096821,0.005564290705828747,0.001866034322726888,0.0021819085117929884,0.004747279516296326,0.0022113780766789357,0.0032970407553655707,0.006410254079550464,0.0757573548401324,0.008434182850514458,0.008434182850514458,0.0018931369353216998,0.004510571089705895,0.03398419801779336,0.005107658821069115,0.005002424994801793,0.01212538749968078,0.013073677593009696,0.00310999665579612,0.002247410255021609,0.0020549520446853614,0.0063543561478449145,0.004837698663445807,0.0024529710014810665,0.0014696752265475808,0.004447714796178774,0.19097825939383029,0.1892721711252575,0.14868295372395918,0.004668011872310806,0.020269767599679394,0.007665574082815059,0.007665574082815062,0.007665574082815062,0.00766557408281506,0.010257525937840236,0.028689140066595273,0.0053501837698112864,0.022441791429509087,0.04684879554311429,0.07575735484013241,278451.34397376544
0.01423690396441995,0.0030784388264880557,0.0030784388264880557,0.0027903448757935793,0.0010113787823668064,0.005385979652896817,0.0035633538123396448,0.002264290857259985,0.006098823372648884,0.00039686486669867434,0.005792738090872906,0.0057927380908729086,0.002810472202050437,0.0029987580026989936,0.0010499917568808576,0.0049006369090023195,0.023610958825224803,0.0031022770142843372,0.0030412414427764206,0.001555962900533532,0.0034832093267150623,0.00548191564657704,0.20415717739801537,0.02269465004941766,0.02269465004941766,0.048518765347748814,0.011977638836653356,0.18370438289499605,0.08844759581718123,0.19754985417999543,0.019733138602810493,0.054260585799691466,0.02035898531213454,0.13108787481932252,0.04134643922307775,0.09926329502736031,0.024764708181417475,0.047997640255819804,0.05239374744292362,0.08451710853404837,0.01665985078268891,0.01651625953151099,0.07860473294934489,0.20553896206814884,0.0989676646706999,0.09441473115126774,0.09441473115126776,0.09441473115126776,0.09441473115126774,0.06569738791356435,0.06004032868650448,0.29435172956631794,0.1650449992420866,0.1870076445581113,0.2041571773980154,849322.4682229126
0.005692698612670212,0.019602419877495086,0.01960241987749509,0.1420735303670171,0.052846240312622764,0.10634733163402163,0.07343296341014247,0.06731274057898286,0.08398647426760754,0.06414710421220005,0.12862517523821876,0.1286251752382188,0.05771172186822488,0.08286572343575613,0.035989561513385,0.056863169693874144,0.13642111380259397,0.049186466427004354,0.05662045987645702,0.10523363471983618,0.11860248772382312,0.10626076985184985,0.05233904301763554,0.04353045481329137,0.04353045481329136,0.05953676338117215,0.024855110431167327,0.04934726471055306,0.17134052608969486,0.12422001973756903,0.028333818921279636,0.03630875459949404,0.025452731643958424,0.035094479433668224,0.03101507283448563,0.1544318068574294,0.05513730875776936,0.04331895570990747,0.04189380264381344,0.08961370139039773,0.07379762687110322,0.033867880676274956,0.10685955399412674,0.020163166098845713,0.11364828687437073,0.11254425063706676,0.11254425063706672,0.11254425063706673,0.11254425063706675,0.11151786618754296,0.03180179436742324,0.03592475047185155,0.08648393373385725,0.06615828917350978,0.05233904301763555,902426.0647301469
0.0026745807098263507,0.014116804210455183,0.014116804210455185,0.013331023276559013,0.0045386762881200905,0.015420246053639047,0.010137904383079944,0.006617905719060096,0.015830573291067608,0.0019851318161647055,0.0073841885393426095,0.00738418853934261,0.009326975093059032,0.010892472894992473,0.006420347999338997,0.011565329177480514,0.01987554083814482,0.005895587253143877,0.008775496952147015,0.004436855944243528,0.009975813306841093,0.018240912669429198,0.02075000505910744,0.01987393123461469,0.019873931234614697,0.01161303297967782,0.01582195003164921,0.03413338039127441,0.036601787059358,0.03660137546441606,0.009255896314280341,0.017945509359610055,0.005477796247424598,0.011568036654750632,0.005136588350612865,0.020107433088969687,0.022193170507652172,0.03187483020860311,0.03345006724240817,0.050950814425566905,0.02567071302659409,0.010724857710320595,0.03179513743407692,0.008175550506139145,0.06338218092568264,0.07031669195452282,0.07031669195452282,0.07031669195452282,0.07031669195452282,0.03613842737015226,0.025668042019406707,0.017670686889611077,0.023559074163800296,0.025952753417951717,0.02075000505910744,262721.3647784069
0.0014795063699848954,0.0078118605110755295,0.007811860511075529,0.0073705293656121385,0.002510929548647411,0.008530999790870132,0.005607873111858004,0.0036605940654372907,0.008753691248826285,0.0010974730220468358,0.004085470763421395,0.004085470763421397,0.00515998338669823,0.006025555405918512,0.003551916092488583,0.0063960675213199,0.010994800103005123,0.0032617155717088444,0.004852026965952067,0.0024543918648821665,0.0055159484463368795,0.01009175796612141,0.011478734268013937,0.010995172623580155,0.010995172623580154,0.006423246612296833,0.00875196079114058,0.018884509952151456,0.020251842887665246,0.02025118169715375,0.005120143144416686,0.009930493211873543,0.0030275939867006564,0.006399953279206733,0.002841251357363575,0.011125216141187768,0.012269685031002677,0.01763623754284024,0.01850900305175978,0.02818149575714414,0.014202723627335089,0.005933118333320662,0.017576598192181637,0.004520322162752684,0.03506060003025388,0.03890739829025839,0.038907398290258396,0.0389073982902584,0.038907398290258396,0.019986274974359376,0.014192673444501985,0.009774386815563014,0.01303344045654376,0.014358193925135765,0.011478734268013937,145328.40998452323
0.0014897355626006163,0.00786587107846359,0.00786587107846359,0.0074214886790953845,0.0025282899184523376,0.008589982453049778,0.005646645514467189,0.003685903132572581,0.008814213631176938,0.001105060872997754,0.004113717383964672,0.004113717383964673,0.005195659106511004,0.006067215628484039,0.003576473761656114,0.006440289455204447,0.011070817298487872,0.003284266815978192,0.004885573531700804,0.002471361339934089,0.005554085314548495,0.010161531584613519,0.011558097344572424,0.011071192380320309,0.011071192380320309,0.006467656451348867,0.008812471174771328,0.019015075961225668,0.02039186250962564,0.02039119675260994,0.005155543417787755,0.009999151834009814,0.0030485265665800053,0.006444202051840941,0.0028608955514499972,0.011202134998811163,0.01235451676353373,0.017758173080579063,0.018636972807003185,0.028376340474712172,0.014300920133132153,0.005974139449904512,0.017698121564456798,0.0045515753452244545,0.03530300631545256,0.0391764009185001,0.03917640091850011,0.0391764009185001,0.03917640091850011,0.02012445858519594,0.01429080056132364,0.00984196617643698,0.013123552642325217,0.014457465346749162,0.011558097344572422,146333.19939409723
0.00047833032137611226,0.002525040754644149,0.00252504075464415,0.0023836892458201577,0.0008117424265748672,0.002757919597468274,0.0018130765861114468,0.001183535529678375,0.0028307753790122593,0.0003549472479139568,0.0013207018032591789,0.001320701803259179,0.0016681330214169496,0.0019480598573314762,0.0011482782853937598,0.002068186942504411,0.0035546260654657743,0.0010544386731535776,0.0015691486025889727,0.0007935062784284098,0.0017838093508699404,0.0032624306881015963,0.003711043086155223,0.003554493735771032,0.0035544937357710315,0.0020768158101538005,0.002829607530035098,0.0061048693735016165,0.0065465579963072595,0.006546430995741771,0.0016553568616433307,0.0032098639464268604,0.0009793488298736094,0.0020689652628137277,0.000918622273900287,0.0035963618862831655,0.0039682356455920205,0.005701078350313041,0.005982969404017012,0.009111816507816489,0.0045913223225420635,0.0019181179098024612,0.005684910078091628,0.0014618731909816856,0.011335376957928555,0.01257689810165188,0.012576898101651883,0.012576898101651884,0.01257689810165188,0.0064625501344364854,0.00458978884513169,0.003160211117102353,0.004213524802919209,0.004641695948808874,0.003711043086155223,46985.65757717419
0.019110274273256015,0.01981571349754626,0.019815713497546263,0.06456308551662092,0.014371471540541634,0.07076570153511387,0.02506310033784488,0.028191427600886353,0.08445245320603512,0.01172865711219648,0.027625571334945285,0.02762557133494528,0.025537795148347555,0.03490726102286502,0.02623835442586024,0.04862964397949009,0.06103883285553025,0.023118119198933224,0.02901249486304619,0.01964826116577192,0.04733111698316741,0.03498371169414354,0.058915700132283325,0.049871282661008924,0.04987128266100891,0.10906001685806359,0.044324439552166396,0.05726937579184691,0.10283856484264171,0.06690061144988205,0.08041605994086873,0.08092009318870415,0.18421779140532776,0.0815999922773657,0.06867347056005416,0.052568456912593105,0.07767544193378513,0.07062185273882957,0.06760626869178407,0.20115014323272615,0.05655337696976022,0.031011473270908106,0.12461151457556946,0.21655742847176748,0.13068916768948358,0.11820938745914436,0.11820938745914429,0.11820938745914432,0.11820938745914432,0.14666273735095242,0.06853206525738985,0.06458718386367117,0.1030229633044847,0.06965182354435791,0.05891570013228331,922326.3235804172
0.014230574503610923,0.029190884251124483,0.029190884251124476,0.016719001978391823,0.009745698676847363,0.017730243120481406,0.021296474829856044,0.024303551458621044,0.020449866592760817,0.009264428640319594,0.017946841320275835,0.017946841320275828,0.012997740652109466,0.02463889285942403,0.026050578814250557,0.012215019244490444,0.010732245759516033,0.011281951394633033,0.01075531897652721,0.006042576171128357,0.0086182894216505,0.01257941937359298,0.032778617628218765,0.022717092941715606,0.022717092941715606,0.05260271357477139,0.008341560977834804,0.033336375567646785,0.041549821913103996,0.03985082419934188,0.04434507552531537,0.05335331858001998,0.01300656382253243,0.06811041639493559,0.08469833445446774,0.032589405960048896,0.01705049019513365,0.01703014577509709,0.014417893934391336,0.02714998790933852,0.03248903628101306,0.01929790696395344,0.052008092667762434,0.035483741642347064,0.029489228990675125,0.03141568624217451,0.0314156862421745,0.03141568624217451,0.031415686242174515,0.028978685796590554,0.03390646617148337,0.04709063207640001,0.028635461000805256,0.03341420111108417,0.032778617628218765,314645.28677552793
0.0014599598303073414,0.005646645751072986,0.005646645751072985,0.00155197277929583,0.0005339227536879729,0.0013897116568668785,0.001111449319791487,0.0008130384492183637,0.003044306821354805,0.00045751839712408873,0.0009470261778830332,0.0009470261778830333,0.0009399839103745719,0.0011690503045681056,0.0006101749262319772,0.001125737209784858,0.0016941523300544727,0.0005555656540176652,0.0009706208700287338,0.0007348084483047533,0.001187623669651659,0.001635405264623141,0.009162299261300216,0.0025453873670097486,0.0025453873670097473,0.001448706030990532,0.0010748670474231214,0.006433460543898621,0.004522290059730939,0.016240176786727324,0.0007486861685244374,0.0009916823092270576,0.0010683119886592692,0.0008470903306482461,0.0005090078474035583,0.002069403764614318,0.001857433667094729,0.002887583462790811,0.003283534930460891,0.00531643767100837,0.0030992399166719187,0.001022038734754427,0.002845541109989007,0.0010173187430510514,0.0046950800484628205,0.004881105511124055,0.004881105511124055,0.004881105511124055,0.004881105511124054,0.0041073322737961845,0.011299673480946508,0.01931579022113705,0.002387197701355567,0.011186040388618953,0.009162299261300215,46222.580312528306
0.00018747194265458789,0.0003231092900061424,0.00032310929000614245,0.0009216018989903441,0.00024744141889060503,0.0008111238716615255,0.00048329765699661894,0.0004133245842959607,0.00134144242892074,0.00021771320867681297,0.0005041800372623112,0.0005041800372623113,0.00042367467114628955,0.0005394466608178407,0.00032412925247576554,0.0006451120080685053,0.0008700687406869006,0.0003090061092354071,0.0005195071055621948,0.0003345590150064962,0.0006593758163290201,0.0007778160397067134,0.0010637327398692006,0.0008150587174466165,0.0008150587174466163,0.001031079978568396,0.0021890051030539386,0.0012641322307513218,0.0013542446656823867,0.0011561004841990565,0.0007662511413986315,0.000832821844384697,0.0012961040608784901,0.0007338884276208883,0.0005890344055397333,0.0010104172405858032,0.0010822263685417884,0.0009466947099893853,0.0009190014964589229,0.0024657702024786345,0.0011243560952208442,0.00045857850661378967,0.001763166611752352,0.0017736599048965495,0.002298620980354717,0.0024338881534137565,0.002433888153413757,0.002433888153413757,0.002433888153413757,0.002032571968385901,0.026578825971681885,0.0008919909605356982,0.027418816294078774,0.0012774425501236026,0.0010637327398692004,61425.88884089905
0.0033531116593086977,0.010288835794174705,0.010288835794174705,0.0034097997386827003,0.0030090455050992616,0.006137136661072914,0.006972987748055888,0.007202595184332258,0.010344776019932746,0.0028436589362834937,0.003714618163742123,0.0037146181637421226,0.00565431314684239,0.00831884051432418,0.006026742645736095,0.006394074434326715,0.00426067311970216,0.002673973617622645,0.004221514467409774,0.0028812902005408273,0.003652597466893087,0.005660118490087171,0.02281072166944725,0.0063749074325062174,0.006374907432506219,0.02435713904525007,0.008019285309466875,0.020163868499465425,0.02524841290731059,0.016896393930144818,0.006806105097432053,0.0028023288844749887,0.0021493477405880646,0.018713893246652638,0.007401067442296452,0.019521982072878676,0.007864584121060206,0.07019653976813119,0.05698313913604255,0.01938858208513462,0.030250870431670164,0.003917514163615607,0.009691893487229002,0.014191044060925459,0.03202956615570276,0.023395163212236104,0.023395163212236104,0.023395163212236107,0.023395163212236104,0.03575965631674789,0.01873187227841069,0.02322734883724927,0.02710395674077706,0.06769289352628989,0.022810721669447243,205795.16047880266
0.00010471992713430913,0.000434626882083929,0.0004346268820839289,0.00011397117344656887,0.0001034723123051199,0.0002005089794938795,0.00022429410794214588,0.00026339340117634253,0.00030217988891330513,0.00010889959815340309,0.0001348852391633122,0.00013488523916331226,0.00017715570682275356,0.0002897202994285853,0.00022652068818479197,0.0002084427110290469,0.00014167395609405482,9.640272456895077e-05,0.00012354994683795513,9.785372379654451e-05,0.00011719424575353653,0.0001588702701369278,0.0007910589049579415,0.00017082181228320197,0.00017082181228320197,0.0009328164571716281,0.0002936719512936977,0.000702443497162313,0.000949776005389729,0.0005888728801808868,0.00021278491048727906,9.924104676401861e-05,3.6282825989706634e-05,0.000775099461761877,0.00028171117857632845,0.0005699691344095969,0.00021231222118874658,0.00038052941884071537,0.0005024865108824372,0.0005293926105912504,0.0009710088151805253,8.574365271673438e-05,0.0002753536528176819,0.0004915416125360996,0.0007680668193460358,0.0006163630181658369,0.0006163630181658368,0.0006163630181658369,0.0006163630181658368,0.0012339985303926587,0.0006108824605512579,0.0006812934645622971,0.001066981420251663,0.000791539275234834,0.0007910589049579412,5755.141260461314
0.0,0.0,0.0,0.0,0.0,0.0,0.0,0.0,0.0,0.0,0.0,0.0,0.0,0.0,0.0,0.0,0.0,0.0,0.0,0.0,0.0,0.0,0.0,0.0,0.0,0.0,0.0,0.0,0.0,0.0,0.0,0.0,0.0,0.0,0.0,0.0,0.0,0.0,0.0,0.0,0.0,0.0,0.0,0.0,0.0,0.0,0.0,0.0,0.0,0.0,0.0,0.0,0.0,0.0,0.0,0.0
